TimeStamp,Delta_TP9,Delta_AF7,Delta_AF8,Delta_TP10,Theta_TP9,Theta_AF7,Theta_AF8,Theta_TP10,Alpha_TP9,Alpha_AF7,Alpha_AF8,Alpha_TP10,Beta_TP9,Beta_AF7,Beta_AF8,Beta_TP10,Gamma_TP9,Gamma_AF7,Gamma_AF8,Gamma_TP10,RAW_TP9,RAW_AF7,RAW_AF8,RAW_TP10,AUX_RIGHT,Accelerometer_X,Accelerometer_Y,Accelerometer_Z,Gyro_X,Gyro_Y,Gyro_Z,HeadBandOn,HSI_TP9,HSI_AF7,HSI_AF8,HSI_TP10,Battery,Elements
2019-09-28 22:14:56.603,0.99722105,0.8446018,-0.4321368,0.15333435,1.0882581,0.24266937,-0.1429072,0.64770395,0.49339142,0.17699058,0.04443486,0.51555824,0.60814655,0.36603048,0.26165572,0.6079196,0.0032023417,-0.18259883,0.14988708,-0.1820268,741.39197,728.0952,203.88278,820.3663,872.74725,-0.9530029296875,0.17864990234375,-0.3048095703125,3.297271728515625,-3.6187744140625,-3.66363525390625,1,2.0,1.0,2.0,2.0,75.00
2019-09-28 22:14:57.617,1.3083383,0.8446018,-0.4321368,1.4109005,1.0708035,0.24266937,-0.1429072,1.1155491,1.2869067,0.17699058,0.04443486,1.6034911,0.81005615,0.36603048,0.26165572,0.8143953,0.39789906,-0.18259883,0.14988708,0.13338679,735.7509,738.5714,309.0476,810.293,601.978,-0.95025634765625,0.16058349609375,-0.3006591796875,3.087921142578125,-3.626251220703125,-2.041168212890625,1,1.0,1.0,2.0,1.0,75.00
2019-09-28 22:14:58.640,1.4908973,0.8446018,-0.4321368,1.2059333,0.9340684,0.24266937,-0.1429072,0.8250646,0.94750416,0.17699058,0.04443486,0.81588686,0.6581215,0.36603048,0.26165572,0.58555937,0.39828435,-0.18259883,0.14988708,0.27856174,788.1319,745.0183,284.8718,797.8022,814.7253,-0.947998046875,0.16107177734375,-0.30560302734375,2.788848876953125,-3.5589599609375,-1.667327880859375,1,1.0,1.0,2.0,1.0,75.00
2019-09-28 22:14:59.663,1.3290383,0.8446018,-0.4321368,1.1140208,0.79692954,0.24266937,-0.1429072,0.6535036,0.8400028,0.17699058,0.04443486,0.9747673,0.59227103,0.36603048,0.26165572,0.5800187,0.25450912,-0.18259883,0.14988708,0.17379254,782.49084,767.5824,634.61536,792.5641,799.011,-0.94793701171875,0.16070556640625,-0.30120849609375,2.5421142578125,-3.12530517578125,-2.52716064453125,1,1.0,1.0,2.0,1.0,75.00
2019-09-28 22:15:00.810,,,,,,,,,,,,,,,,,,,,,,,,,,,,,,,,,,,,,,/muse/elements/blink
2019-09-28 22:15:00.815,1.0722349,1.0564411,-0.4321368,1.1088449,0.6316327,0.4956274,-0.1429072,0.6084757,0.8819877,0.6477826,0.04443486,0.9713055,0.54489917,0.59816575,0.26165572,0.42372605,-0.07335682,0.27385452,0.14988708,0.032312464,890.4762,884.0293,572.5641,795.38464,633.4066,-0.89019775390625,0.345703125,-0.3109130859375,2.056121826171875,0.500946044921875,-14.258270263671875,1,1.0,1.0,2.0,1.0,75.00
2019-09-28 22:15:01.025,,,,,,,,,,,,,,,,,,,,,,,,,,,,,,,,,,,,,,/muse/elements/blink
2019-09-28 22:15:01.822,1.1573721,0.97608,-0.4321368,0.88494194,0.5280366,0.48404992,-0.1429072,0.5297553,0.8546118,0.5710652,0.04443486,0.82441944,0.45426822,0.5772899,0.26165572,0.2236643,-0.06779112,0.28036827,0.14988708,0.026832912,690.2198,792.96704,321.9414,790.14655,1011.75824,-0.93865966796875,0.16900634765625,-0.33489990234375,-1.457977294921875,-2.041168212890625,-18.28826904296875,1,1.0,1.0,2.0,1.0,75.00
2019-09-28 22:15:02.830,1.16617,0.97608,-0.4321368,0.88494194,0.46416035,0.48404992,-0.1429072,0.5297553,0.7604632,0.5710652,0.04443486,0.82441944,0.43517834,0.5772899,0.26165572,0.2236643,-0.052031524,0.28036827,0.14988708,0.026832912,917.0696,751.8681,647.50916,778.0586,642.27106,-0.93206787109375,0.06170654296875,-0.336181640625,4.598236083984375,-3.0206298828125,-1.68975830078125,1,1.0,1.0,2.0,1.0,75.00
2019-09-28 22:15:03.837,1.16617,0.97608,-0.4321368,0.88494194,0.46416035,0.48404992,-0.1429072,0.5297553,0.7604632,0.5710652,0.04443486,0.82441944,0.43517834,0.5772899,0.26165572,0.2236643,-0.052031524,0.28036827,0.14988708,0.026832912,917.0696,751.8681,647.50916,778.0586,642.27106,-0.93206787109375,0.06170654296875,-0.336181640625,4.598236083984375,-3.0206298828125,-1.68975830078125,1,1.0,1.0,2.0,1.0,75.00
2019-09-28 22:15:04.790,,,,,,,,,,,,,,,,,,,,,,,,,,,,,,,,,,,,,,/muse/elements/jaw_clench
2019-09-28 22:15:04.843,1.16617,0.97608,-0.4321368,0.88494194,0.46416035,0.48404992,-0.1429072,0.5297553,0.7604632,0.5710652,0.04443486,0.82441944,0.43517834,0.5772899,0.26165572,0.2236643,-0.052031524,0.28036827,0.14988708,0.026832912,794.9817,771.2088,814.3223,786.52014,NaN,-0.93206787109375,0.06170654296875,-0.336181640625,4.598236083984375,-3.0206298828125,-1.68975830078125,1,1.0,1.0,2.0,1.0,75.00
2019-09-28 22:15:05.851,1.16617,0.97608,-0.4321368,0.54469126,0.46416035,0.48404992,-0.1429072,0.50106525,0.7604632,0.5710652,0.04443486,1.3413364,0.43517834,0.5772899,0.26165572,0.47695783,-0.052031524,0.28036827,0.14988708,0.20913717,819.9634,784.10254,502.05127,792.96704,NaN,-0.93206787109375,0.06170654296875,-0.336181640625,4.598236083984375,-3.0206298828125,-1.68975830078125,1,1.0,1.0,2.0,1.0,75.00
2019-09-28 22:15:06.857,1.2013708,0.12265211,-0.4321368,0.37018675,0.73994553,0.3362621,-0.1429072,0.63778436,1.5103481,0.57503843,0.04443486,1.6330941,0.8733828,0.2519547,0.26165572,0.695376,0.074283436,0.17235115,0.14988708,0.15275428,814.7253,792.1612,789.34064,774.0293,NaN,-0.93206787109375,0.06170654296875,-0.336181640625,4.598236083984375,-3.0206298828125,-1.68975830078125,1,1.0,1.0,2.0,1.0,75.00
2019-09-28 22:15:07.867,1.1430886,0.47202766,-0.4321368,0.5949159,0.85433006,0.41863245,-0.1429072,0.6481429,1.7637122,0.607397,0.04443486,1.8838713,0.75986856,0.30597323,0.26165572,0.7426497,0.06188423,0.053143293,0.14988708,0.022283692,826.8132,785.31134,668.86444,800.2198,NaN,-0.93206787109375,0.06170654296875,-0.336181640625,4.598236083984375,-3.0206298828125,-1.68975830078125,1,1.0,1.0,2.0,1.0,75.00
2019-09-28 22:15:08.873,1.0342456,0.80138737,-0.4321368,0.7791203,0.88176394,0.53512204,-0.1429072,0.70330554,1.7202308,0.4381851,0.04443486,1.7538809,0.8281166,0.4085426,0.26165572,0.76123226,-0.002051862,0.0430489,0.14988708,0.123688675,743.00366,769.19415,845.34796,810.696,NaN,-0.93206787109375,0.06170654296875,-0.336181640625,4.598236083984375,-3.0206298828125,-1.68975830078125,1,1.0,1.0,1.0,1.0,75.00
2019-09-28 22:15:09.880,1.0269291,0.5895033,-0.4321368,0.7528525,0.7903865,0.17864233,-0.1429072,0.6282438,1.398031,0.37429518,0.04443486,1.5560865,0.7844248,0.46662933,0.26165572,0.75475657,0.14028491,0.07275085,0.14988708,0.10238899,736.55676,786.1172,821.978,772.01465,NaN,-0.93206787109375,0.06170654296875,-0.336181640625,4.598236083984375,-3.0206298828125,-1.68975830078125,1,1.0,1.0,2.0,1.0,75.00
2019-09-28 22:15:10.883,0.8097955,0.322071,-0.4321368,0.51766896,0.729356,0.14166099,-0.1429072,0.7533836,1.2301288,0.55689174,0.04443486,1.4899217,0.7203263,0.22988334,0.26165572,0.4841143,-0.0467785,0.025818892,0.14988708,-0.16749397,748.24176,783.69965,689.41394,798.20514,NaN,-0.93206787109375,0.06170654296875,-0.336181640625,4.598236083984375,-3.0206298828125,-1.68975830078125,1,1.0,1.0,2.0,1.0,75.00
2019-09-28 22:15:11.891,0.49177653,0.13625732,-0.4321368,0.4651634,0.68008393,0.31234708,-0.1429072,0.7605479,1.1591626,0.7157653,0.04443486,1.5110006,0.549224,0.38450727,0.26165572,0.37720293,0.017400606,0.086321026,0.14988708,-0.06044655,755.89746,772.01465,898.1319,770.0,NaN,-0.93206787109375,0.06170654296875,-0.336181640625,4.598236083984375,-3.0206298828125,-1.68975830078125,1,1.0,1.0,2.0,1.0,75.00
2019-09-28 22:15:12.906,0.7168832,0.5915973,-0.4321368,0.5072881,0.6872331,0.40073198,-0.1429072,0.5909931,1.2428689,0.73944134,0.04443486,1.492843,0.50600964,0.42479607,0.26165572,0.4174288,-0.028633378,0.07547484,0.14988708,-0.07431162,773.6264,781.685,873.1502,762.3443,NaN,-0.93206787109375,0.06170654296875,-0.336181640625,4.598236083984375,-3.0206298828125,-1.68975830078125,1,1.0,1.0,2.0,1.0,75.00
2019-09-28 22:15:13.921,0.72508013,0.32016045,-0.4321368,0.2636793,0.50989,0.09401926,-0.1429072,0.26060078,1.213514,0.23627861,0.04443486,1.2467828,0.4725357,0.39974588,0.26165572,0.54212326,0.084229164,0.044526342,0.14988708,-0.1670805,803.8461,786.52014,725.2747,768.3883,NaN,-0.93206787109375,0.06170654296875,-0.336181640625,4.598236083984375,-3.0206298828125,-1.68975830078125,1,1.0,1.0,2.0,1.0,75.00
2019-09-28 22:15:14.930,0.72431564,0.8201904,-0.4321368,0.24885225,0.30302387,0.5495135,-0.1429072,0.45339936,1.2763872,1.2476712,0.04443486,1.4210291,0.4554436,0.6226801,0.26165572,0.53976625,0.071132265,-0.024278812,0.14988708,-0.10900857,775.2381,781.685,642.27106,809.4872,NaN,-0.93206787109375,0.06170654296875,-0.336181640625,4.598236083984375,-3.0206298828125,-1.68975830078125,1,1.0,1.0,2.0,1.0,75.00
2019-09-28 22:15:15.937,0.5777338,1.1779127,-0.4321368,0.08390102,0.45040104,0.8727094,-0.1429072,0.4006761,1.2856843,1.2476712,0.04443486,1.5410867,0.5252262,0.7745321,0.26165572,0.5766768,0.017571038,0.07234902,0.14988708,-0.036579154,796.1905,798.60803,625.7509,787.326,NaN,-0.93206787109375,0.06170654296875,-0.336181640625,4.598236083984375,-3.0206298828125,-1.68975830078125,1,1.0,1.0,2.0,1.0,75.00
2019-09-28 22:15:16.960,0.5738215,0.9540327,-0.4321368,0.14989378,0.3359708,0.60172415,-0.1429072,0.50524265,1.0287775,0.45207444,0.04443486,1.5363947,0.42411882,0.26640567,0.26165572,0.5680964,0.087034374,0.036559887,0.14988708,-0.15307136,767.1795,788.5348,667.25275,792.96704,NaN,-0.93206787109375,0.06170654296875,-0.336181640625,4.598236083984375,-3.0206298828125,-1.68975830078125,1,1.0,1.0,2.0,1.0,75.00
2019-09-28 22:15:17.968,0.92835534,0.57731307,-0.4321368,0.6066284,0.60589087,0.5184402,-0.1429072,0.69437426,1.2088128,0.8562044,0.04443486,1.4862064,0.5714394,0.3360112,0.26165572,0.67284596,0.1447281,0.16636194,0.14988708,-0.0060677463,779.2674,794.17584,693.8461,817.1429,NaN,-0.93206787109375,0.06170654296875,-0.336181640625,4.598236083984375,-3.0206298828125,-1.68975830078125,1,1.0,1.0,2.0,1.0,75.00
2019-09-28 22:15:18.974,0.78384215,0.51629996,-0.4321368,0.4480763,0.6075049,0.37848747,-0.1429072,0.6949667,1.2180573,0.8211963,0.04443486,1.51291,0.5019698,0.43412575,0.26165572,0.6399178,-0.048631553,0.086426124,0.14988708,0.021996742,767.5824,787.72894,564.5055,818.7546,NaN,-0.93206787109375,0.06170654296875,-0.336181640625,4.598236083984375,-3.0206298828125,-1.68975830078125,1,1.0,1.0,2.0,1.0,75.00
2019-09-28 22:15:19.983,0.6881966,0.5408555,-0.4321368,0.17480272,0.48836067,0.20288856,-0.1429072,0.49332637,1.0553099,0.44725218,0.04443486,1.0458572,0.49700508,0.31904462,0.26165572,0.56864685,-0.11128479,0.029019888,0.14988708,-0.06324599,770.80585,784.10254,660.80585,800.6227,NaN,-0.93206787109375,0.06170654296875,-0.336181640625,4.598236083984375,-3.0206298828125,-1.68975830078125,1,1.0,1.0,2.0,1.0,75.00
2019-09-28 22:15:20.986,0.8093561,0.6631073,-0.4321368,0.30094922,0.41881308,0.46912473,-0.1429072,0.48450473,0.94982433,0.69127244,0.04443486,1.3645756,0.7026044,0.41956028,0.26165572,0.61846346,-0.05130482,0.04203943,0.14988708,-0.17939338,765.16486,784.5055,752.674,821.5751,NaN,-0.93206787109375,0.06170654296875,-0.336181640625,4.598236083984375,-3.0206298828125,-1.68975830078125,1,1.0,1.0,2.0,1.0,75.00
2019-09-28 22:15:21.996,0.8025909,0.808049,-0.4321368,0.21575032,0.70571584,0.58441514,-0.1429072,0.5220423,1.2214404,0.7258845,0.04443486,1.6205363,0.7188926,0.4069863,0.26165572,0.57436806,-0.14162095,0.12392962,0.14988708,-0.17319311,753.47986,791.3553,666.4469,793.36993,NaN,-0.93206787109375,0.06170654296875,-0.336181640625,4.598236083984375,-3.0206298828125,-1.68975830078125,1,1.0,1.0,2.0,1.0,75.00
2019-09-28 22:15:23.008,0.28076404,0.8919386,-0.4321368,0.08953082,0.62426597,0.55771977,-0.1429072,0.56892824,1.3207488,0.6604372,0.04443486,1.5826024,0.5802223,0.3382303,0.26165572,0.4646839,-0.057637203,0.26023197,0.14988708,-0.00848278,766.3736,786.1172,668.46155,813.1135,NaN,-0.93206787109375,0.06170654296875,-0.336181640625,4.598236083984375,-3.0206298828125,-1.68975830078125,1,1.0,1.0,2.0,1.0,75.00
2019-09-28 22:15:24.021,0.5311999,0.5563683,-0.4321368,0.43671143,0.51265866,0.044759836,-0.1429072,0.4142789,1.3389082,0.54103273,0.04443486,1.3790402,0.6090592,0.31958875,0.26165572,0.46294403,-0.0060373396,0.24834712,0.14988708,0.012090744,766.77655,801.02563,653.5531,803.0403,NaN,-0.93206787109375,0.06170654296875,-0.336181640625,4.598236083984375,-3.0206298828125,-1.68975830078125,1,1.0,1.0,1.0,1.0,75.00
2019-09-28 22:15:25.030,0.59408724,0.83106697,-0.4321368,0.22162691,0.44130874,0.7667326,-0.1429072,0.20946333,1.3435966,0.7879669,0.04443486,1.4597197,0.59730685,0.2963663,0.26165572,0.5097813,0.1298443,0.22350918,0.14988708,-0.016725821,754.68866,806.6667,643.47986,794.57874,NaN,-0.93206787109375,0.06170654296875,-0.336181640625,4.598236083984375,-3.0206298828125,-1.68975830078125,1,1.0,1.0,2.0,1.0,75.00
2019-09-28 22:15:26.039,0.5081442,0.8739797,-0.4321368,0.14880967,0.789179,0.779267,-0.1429072,0.7599079,1.2147057,0.79276234,0.04443486,1.487284,0.6365142,0.5727278,0.26165572,0.69490904,0.04902241,0.15359099,0.14988708,-0.117598675,741.39197,784.90845,741.79486,770.80585,NaN,-0.93206787109375,0.06170654296875,-0.336181640625,4.598236083984375,-3.0206298828125,-1.68975830078125,1,1.0,1.0,2.0,1.0,75.00
2019-09-28 22:15:27.051,0.19895515,0.50778127,-0.4321368,-0.09196557,0.73704624,0.37564772,-0.1429072,0.6284783,1.1778363,0.67029035,0.04443486,1.3102032,0.5925749,0.38619822,0.26165572,0.50660884,-0.03352396,0.14189248,0.14988708,-0.16090158,768.3883,788.5348,859.0476,801.02563,NaN,-0.93206787109375,0.06170654296875,-0.336181640625,4.598236083984375,-3.0206298828125,-1.68975830078125,1,1.0,1.0,1.0,1.0,75.00
2019-09-28 22:15:28.069,0.4215214,0.32935148,-0.4321368,0.43897605,0.6012056,0.39588308,-0.1429072,0.41863698,1.1880065,0.53774375,0.04443486,1.3358403,0.59081036,0.3562383,0.26165572,0.4718018,-0.05052623,0.0062178182,0.14988708,-0.12648699,723.2601,765.16486,766.3736,765.56775,NaN,-0.93206787109375,0.06170654296875,-0.336181640625,4.598236083984375,-3.0206298828125,-1.68975830078125,1,1.0,1.0,1.0,1.0,75.00
2019-09-28 22:15:29.071,0.8968675,0.52834094,-0.4321368,0.55701673,0.6067667,0.28199348,-0.1429072,0.30974138,0.89260846,0.68711233,0.04443486,1.2293425,0.48844314,0.45185077,0.26165572,0.5049735,-0.07025525,-0.21057904,0.14988708,0.015278326,779.67035,795.78754,742.1978,793.36993,NaN,-0.93206787109375,0.06170654296875,-0.336181640625,4.598236083984375,-3.0206298828125,-1.68975830078125,1,1.0,1.0,1.0,1.0,75.00
2019-09-28 22:15:30.079,1.0667524,0.58889383,-0.4321368,0.25589374,0.5134221,0.3472622,-0.1429072,0.4953253,1.2225081,0.7165928,0.04443486,1.5543154,0.48459172,0.255951,0.26165572,0.46591285,-0.09123244,-0.16623378,0.14988708,-0.02294942,756.30035,788.5348,699.89014,804.2491,NaN,-0.93206787109375,0.06170654296875,-0.336181640625,4.598236083984375,-3.0206298828125,-1.68975830078125,1,1.0,1.0,4.0,1.0,75.00
2019-09-28 22:15:31.087,0.79861003,0.5952376,-0.4321368,0.34084752,0.6693499,0.2253477,-0.1429072,0.454047,1.1601856,0.49424583,0.04443486,1.5054505,0.47317508,0.29105705,0.26165572,0.566883,-0.12249883,0.036275234,0.14988708,-0.19003981,787.72894,776.8498,868.71796,770.80585,NaN,-0.93206787109375,0.06170654296875,-0.336181640625,4.598236083984375,-3.0206298828125,-1.68975830078125,1,1.0,1.0,1.0,1.0,75.00
2019-09-28 22:15:32.091,0.56957966,0.73124623,-0.4321368,-0.009046016,0.5322777,0.35678986,-0.1429072,0.24569058,1.0773631,0.27346116,0.04443486,1.3173546,0.5187843,0.3705962,0.26165572,0.52245337,0.0020445907,0.0027300918,0.14988708,-0.15745594,781.685,786.9231,773.22345,776.4469,NaN,-0.93206787109375,0.06170654296875,-0.336181640625,4.598236083984375,-3.0206298828125,-1.68975830078125,1,1.0,1.0,2.0,1.0,75.00
2019-09-28 22:15:33.101,0.46699876,0.8217742,-0.4321368,0.009603522,0.5670453,0.15739073,-0.1429072,0.31718776,1.1090918,0.13056548,0.04443486,1.2351141,0.637342,0.2220002,0.26165572,0.6187767,0.07217834,-0.16441326,0.14988708,-0.042766783,764.7619,802.6374,933.9927,762.74725,NaN,-0.93206787109375,0.06170654296875,-0.336181640625,4.598236083984375,-3.0206298828125,-1.68975830078125,1,1.0,1.0,2.0,1.0,75.00
2019-09-28 22:15:34.106,0.5589018,1.0823226,-0.4321368,0.41109338,0.5863517,0.16595538,-0.1429072,0.3208362,1.1637045,0.14309117,0.04443486,1.236523,0.7852136,0.110048056,0.26165572,0.6860137,0.25881594,-0.13100821,0.14988708,0.07625124,805.05493,762.3443,916.26373,784.90845,NaN,-0.93206787109375,0.06170654296875,-0.336181640625,4.598236083984375,-3.0206298828125,-1.68975830078125,1,1.0,1.0,1.0,1.0,75.00
2019-09-28 22:15:35.113,0.5507319,1.0808223,-0.4321368,0.313801,0.55724144,0.16170838,-0.1429072,0.20039316,1.0850197,-0.078072354,0.04443486,1.3636485,0.70062274,-0.11012281,0.26165572,0.63736105,0.2731051,-0.114831835,0.14988708,0.13967209,765.16486,787.326,798.60803,760.7326,NaN,-0.93206787109375,0.06170654296875,-0.336181640625,4.598236083984375,-3.0206298828125,-1.68975830078125,1,1.0,1.0,1.0,1.0,75.00
2019-09-28 22:15:36.118,0.2736765,0.69388694,-0.4321368,-0.06842361,0.5735532,0.14563967,-0.1429072,0.51313955,1.0698987,0.5284124,0.04443486,1.4168943,0.59567904,0.31300458,0.26165572,0.52870363,0.1298031,-0.10772737,0.14988708,0.0399792,787.72894,799.011,925.5311,789.7436,NaN,-0.93206787109375,0.06170654296875,-0.336181640625,4.598236083984375,-3.0206298828125,-1.68975830078125,1,1.0,1.0,1.0,1.0,75.00
2019-09-28 22:15:37.128,0.31166062,0.69893324,-0.4321368,0.23718405,0.4808753,0.4701535,-0.1429072,0.46879974,1.2933762,0.6220464,0.04443486,1.2904664,0.6079062,0.53268206,0.26165572,0.51897216,0.047540244,-0.026936222,0.14988708,-0.018902782,790.14655,782.8938,650.32965,806.26373,NaN,-0.93206787109375,0.06170654296875,-0.336181640625,4.598236083984375,-3.0206298828125,-1.68975830078125,1,1.0,1.0,1.0,1.0,75.00
2019-09-28 22:15:38.134,0.56448317,0.47062427,-0.4321368,0.4516241,0.4670254,0.18105623,-0.1429072,0.2885737,1.3745276,0.613354,0.04443486,1.3008885,0.74507,0.40543348,0.26165572,0.4725773,-0.026242327,-0.047904562,0.14988708,-0.050464608,788.93774,787.326,703.1135,788.5348,NaN,-0.93206787109375,0.06170654296875,-0.336181640625,4.598236083984375,-3.0206298828125,-1.68975830078125,1,1.0,1.0,2.0,1.0,75.00
2019-09-28 22:15:39.140,0.72816217,0.7514998,-0.4321368,0.29073435,0.5327012,0.26489887,-0.1429072,0.53005743,1.5767057,0.6065031,0.04443486,1.4743179,0.71506125,0.31409362,0.26165572,0.568474,-0.10840691,-0.012503035,0.14988708,-0.04328278,772.8205,786.52014,589.4872,802.6374,NaN,-0.93206787109375,0.06170654296875,-0.336181640625,4.598236083984375,-3.0206298828125,-1.68975830078125,1,1.0,1.0,2.0,1.0,75.00
2019-09-28 22:15:40.149,0.46645486,0.7693501,-0.4321368,0.34936586,0.48395535,0.36056837,-0.1429072,0.60946125,1.2910503,0.64803374,0.04443486,1.5774976,0.48404,0.5417708,0.26165572,0.4751104,-0.107349455,-0.018982353,0.14988708,-0.28708005,751.06226,789.34064,716.4103,786.52014,NaN,-0.93206787109375,0.06170654296875,-0.336181640625,4.598236083984375,-3.0206298828125,-1.68975830078125,1,1.0,1.0,2.0,1.0,75.00
2019-09-28 22:15:41.155,0.2486539,0.8477889,-0.4321368,0.36739624,0.48646277,0.38995376,-0.1429072,0.65169233,1.5166585,0.60959136,0.04443486,1.7128241,0.31369263,0.52547413,0.26165572,0.5488236,-0.20174041,-0.14656863,0.14988708,-0.32743716,783.2967,788.1319,817.5458,812.3077,NaN,-0.93206787109375,0.06170654296875,-0.336181640625,4.598236083984375,-3.0206298828125,-1.68975830078125,1,1.0,1.0,2.0,1.0,75.00
2019-09-28 22:15:42.160,0.35283434,0.91406476,-0.4321368,0.20444794,0.5902538,0.4363657,-0.1429072,0.68083906,1.3487195,0.9375094,0.04443486,1.5976344,0.6262341,0.3227579,0.26165572,0.6938746,-0.108986415,-0.13407265,0.14988708,-0.28904197,807.8755,776.8498,654.35895,830.84247,NaN,-0.93206787109375,0.06170654296875,-0.336181640625,4.598236083984375,-3.0206298828125,-1.68975830078125,1,1.0,1.0,2.0,1.0,75.00
2019-09-28 22:15:43.166,0.695199,0.6489256,-0.4321368,0.43455967,0.8214206,0.42920977,-0.1429072,0.89627326,1.4230754,0.91611314,0.04443486,1.339598,0.67368877,0.27359393,0.26165572,0.4908305,-0.13005438,-0.11386988,0.14988708,-0.1584943,770.80585,784.90845,652.74725,815.5311,NaN,-0.93206787109375,0.06170654296875,-0.336181640625,4.598236083984375,-3.0206298828125,-1.68975830078125,1,1.0,1.0,2.0,1.0,75.00
2019-09-28 22:15:44.176,0.41199467,0.6182039,-0.4321368,0.13399476,0.84223706,0.34950128,-0.1429072,0.8696179,1.3602227,0.45868292,0.04443486,1.4068549,0.4668411,0.25176406,0.26165572,0.40048134,-0.10811164,0.05945775,0.14988708,-0.3185909,761.13556,769.59705,893.69965,785.31134,NaN,-0.93206787109375,0.06170654296875,-0.336181640625,4.598236083984375,-3.0206298828125,-1.68975830078125,1,1.0,1.0,2.0,1.0,75.00
2019-09-28 22:15:45.181,0.25311345,0.2788887,-0.4321368,0.20713104,0.5752067,0.4125126,-0.1429072,0.7743343,1.2352902,0.6770941,0.04443486,1.5688323,0.50496566,0.31277516,0.26165572,0.48809606,-0.029591456,0.18428767,0.14988708,-0.14650099,770.40295,773.22345,823.5897,798.60803,NaN,-0.93206787109375,0.06170654296875,-0.336181640625,4.598236083984375,-3.0206298828125,-1.68975830078125,1,1.0,1.0,2.0,1.0,75.00
2019-09-28 22:15:46.187,0.36723626,0.8623421,-0.4321368,0.5428805,0.5412579,0.40863064,-0.1429072,0.8540119,1.359241,0.57873404,0.04443486,1.4996669,0.5683067,0.25711247,0.26165572,0.56398964,-0.05016011,0.024752762,0.14988708,-0.13127144,753.8828,777.25275,620.9158,801.8315,NaN,-0.93206787109375,0.06170654296875,-0.336181640625,4.598236083984375,-3.0206298828125,-1.68975830078125,1,1.0,1.0,2.0,1.0,75.00
2019-09-28 22:15:47.194,0.8611364,0.93946743,-0.4321368,0.7714617,0.530253,0.16192375,-0.1429072,0.7827407,1.3651304,0.41298884,0.04443486,1.4570358,0.65396386,0.4069611,0.26165572,0.5647038,-0.024794534,-0.12627687,0.14988708,-0.15349069,761.13556,792.1612,703.5165,797.3993,NaN,-0.93206787109375,0.06170654296875,-0.336181640625,4.598236083984375,-3.0206298828125,-1.68975830078125,1,1.0,1.0,2.0,1.0,75.00
2019-09-28 22:15:48.201,0.62497467,0.41856077,-0.4321368,0.3778473,0.61267245,0.30920827,-0.1429072,0.55891335,1.2629633,0.66164225,0.04443486,1.3627576,0.6731837,0.21839817,0.26165572,0.6369418,0.09503536,-0.045668166,0.14988708,-0.05100678,746.2271,782.8938,726.08057,801.4286,NaN,-0.93206787109375,0.06170654296875,-0.336181640625,4.598236083984375,-3.0206298828125,-1.68975830078125,1,1.0,1.0,2.0,1.0,70.00
2019-09-28 22:15:49.211,0.43245208,0.21142341,-0.4321368,0.27766442,0.4675113,0.1898085,-0.1429072,0.73664767,1.1140046,0.51125544,0.04443486,1.2143956,0.62000614,0.4055345,0.26165572,0.6036547,0.024559818,-0.035073478,0.14988708,0.023183666,767.98535,789.7436,741.79486,795.38464,NaN,-0.93206787109375,0.06170654296875,-0.336181640625,4.598236083984375,-3.0206298828125,-1.68975830078125,1,1.0,1.0,2.0,1.0,70.00
2019-09-28 22:15:50.215,0.58660746,0.6207448,-0.4321368,0.42065302,0.7932687,0.48408642,-0.1429072,1.0169499,1.3440467,0.603939,0.04443486,1.5075308,0.81052715,0.56958336,0.26165572,0.76141983,0.0021635867,0.09785957,0.14988708,0.03413398,754.68866,790.14655,723.663,783.2967,NaN,-0.93206787109375,0.06170654296875,-0.336181640625,4.598236083984375,-3.0206298828125,-1.68975830078125,1,1.0,1.0,2.0,1.0,70.00
2019-09-28 22:15:51.025,,,,,,,,,,,,,,,,,,,,,,,,,,,,,,,,,,,,,,/muse/elements/blink
2019-09-28 22:15:51.223,0.6736626,0.38103765,-0.4321368,0.54354465,0.91437167,0.48470515,-0.1429072,1.0535841,1.451395,0.5678673,0.04443486,1.7379181,0.85376984,0.44031176,0.26165572,1.0169885,0.06294249,0.24558039,0.14988708,0.34314594,765.9707,796.1905,747.4359,801.8315,NaN,-0.93206787109375,0.06170654296875,-0.336181640625,4.598236083984375,-3.0206298828125,-1.68975830078125,1,1.0,1.0,2.0,1.0,70.00
2019-09-28 22:15:52.231,0.7838653,0.53275794,-0.4321368,0.5002792,1.2083614,0.5597205,-0.1429072,1.1502953,1.5666395,0.5902876,0.04443486,1.7863909,0.63457257,0.40468723,0.26165572,0.988449,-0.034832355,0.16617073,0.14988708,0.26429123,761.13556,788.1319,828.4249,785.7143,NaN,-0.93206787109375,0.06170654296875,-0.336181640625,4.598236083984375,-3.0206298828125,-1.68975830078125,1,1.0,1.0,2.0,1.0,70.00
2019-09-28 22:15:53.239,0.51636684,0.72296363,-0.4321368,0.44317615,0.87612414,0.28795126,-0.1429072,0.7088648,1.4842408,0.35152358,0.04443486,1.4624239,0.65649104,0.34272647,0.26165572,0.7609348,-0.09700562,-0.007351708,0.14988708,0.025718011,757.50916,774.43225,680.9524,764.35895,NaN,-0.93206787109375,0.06170654296875,-0.336181640625,4.598236083984375,-3.0206298828125,-1.68975830078125,1,1.0,1.0,2.0,1.0,70.00
2019-09-28 22:15:54.242,0.31836691,0.5896871,-0.4321368,0.1736639,0.78401834,0.40396848,-0.1429072,0.6821226,1.1114942,0.54639,0.04443486,1.1298577,0.51487464,0.27453423,0.26165572,0.6708492,-0.14182472,0.0919339,0.14988708,-0.043144282,781.28204,790.14655,757.50916,789.7436,NaN,-0.93206787109375,0.06170654296875,-0.336181640625,4.598236083984375,-3.0206298828125,-1.68975830078125,1,1.0,1.0,2.0,1.0,70.00
2019-09-28 22:15:55.248,0.2943329,0.7258773,-0.4321368,0.1043734,0.71138597,0.650394,-0.1429072,0.48953885,1.3164089,0.83539206,0.04443486,1.3447857,0.4557936,0.39489427,0.26165572,0.4299292,-0.21400313,0.26627183,0.14988708,-0.25517672,786.9231,788.1319,832.8571,759.12085,NaN,-0.93206787109375,0.06170654296875,-0.336181640625,4.598236083984375,-3.0206298828125,-1.68975830078125,1,1.0,1.0,2.0,1.0,70.00
2019-09-28 22:15:56.255,0.47357428,0.47522214,-0.4321368,0.34724715,0.55536413,0.3826609,-0.1429072,0.26610348,1.3805157,0.76086295,0.04443486,1.3784467,0.4724818,0.3002978,0.26165572,0.5293328,-0.21423419,0.20614187,0.14988708,-0.27769864,772.8205,777.6557,725.6777,771.6117,NaN,-0.93206787109375,0.06170654296875,-0.336181640625,4.598236083984375,-3.0206298828125,-1.68975830078125,1,1.0,1.0,2.0,1.0,70.00
2019-09-28 22:15:57.261,0.70367014,0.22400992,-0.4321368,0.43754423,0.3340671,9.290474E-5,-0.1429072,0.39381757,1.0562776,0.35006487,0.04443486,1.3863741,0.5349906,0.21831423,0.26165572,0.45005172,-0.14790587,0.056625187,0.14988708,-0.10435652,775.64105,792.1612,699.0842,787.72894,NaN,-0.93206787109375,0.06170654296875,-0.336181640625,4.598236083984375,-3.0206298828125,-1.68975830078125,1,1.0,1.0,2.0,1.0,70.00
2019-09-28 22:15:58.270,0.6738815,0.084851146,-0.4321368,0.45895132,0.49596056,0.07165022,-0.1429072,0.69253033,1.0738926,0.19556037,0.04443486,1.4450586,0.65996456,0.34227234,0.26165572,0.5895981,-0.09274991,0.009361333,0.14988708,-0.020165319,792.1612,787.72894,589.4872,770.80585,NaN,-0.93206787109375,0.06170654296875,-0.336181640625,4.598236083984375,-3.0206298828125,-1.68975830078125,1,1.0,1.0,2.0,1.0,70.00
2019-09-28 22:15:59.275,0.9246557,0.39104426,-0.4321368,0.6107956,0.71735835,0.25036603,-0.1429072,0.68137926,0.8993813,0.3229325,0.04443486,1.3948154,0.72373253,0.3264054,0.26165572,0.57648724,0.06046452,0.10074404,0.14988708,0.07003907,787.72894,791.3553,877.1795,777.6557,NaN,-0.93206787109375,0.06170654296875,-0.336181640625,4.598236083984375,-3.0206298828125,-1.68975830078125,1,1.0,1.0,2.0,1.0,70.00
2019-09-28 22:16:00.280,0.88682705,0.23097306,-0.4321368,0.63616616,0.6727725,0.3042202,-0.1429072,0.6306446,0.9100177,0.22035234,0.04443486,1.2962024,0.70236456,0.3924701,0.26165572,0.62379134,0.14217532,0.18592533,0.14988708,0.05976879,799.41394,781.28204,678.1319,772.4176,NaN,-0.93206787109375,0.06170654296875,-0.336181640625,4.598236083984375,-3.0206298828125,-1.68975830078125,1,1.0,1.0,2.0,1.0,70.00
2019-09-28 22:16:01.289,0.5024781,0.34804022,-0.4321368,0.35016376,0.7351391,0.14721984,-0.1429072,0.7466353,1.1758149,0.4469578,0.04443486,1.4586781,0.59871393,0.47820815,0.26165572,0.6137562,0.0010998141,0.14120194,0.14988708,-0.010675552,778.46155,775.2381,657.98535,765.16486,NaN,-0.93206787109375,0.06170654296875,-0.336181640625,4.598236083984375,-3.0206298828125,-1.68975830078125,1,1.0,1.0,2.0,1.0,70.00
2019-09-28 22:16:02.294,0.49732122,0.16721402,-0.4321368,0.36545783,0.73072857,0.33260837,-0.1429072,0.7515975,1.1932468,0.67704004,0.04443486,1.464866,0.59352046,0.37991327,0.26165572,0.6301315,0.11202691,0.238384,0.14988708,0.05883971,809.89014,791.75824,608.8278,793.7729,NaN,-0.93206787109375,0.06170654296875,-0.336181640625,4.598236083984375,-3.0206298828125,-1.68975830078125,1,1.0,1.0,2.0,1.0,70.00
2019-09-28 22:16:03.300,0.491348,0.19335485,-0.4321368,0.2748634,0.5248177,0.28477877,-0.1429072,0.3182397,1.0013471,0.65790725,0.04443486,1.0606334,0.5683702,0.25095534,0.26165572,0.4772212,2.7198088E-4,0.21928142,0.14988708,0.01977923,786.1172,795.38464,824.7985,767.98535,NaN,-0.93206787109375,0.06170654296875,-0.336181640625,4.598236083984375,-3.0206298828125,-1.68975830078125,1,1.0,1.0,2.0,1.0,70.00
2019-09-28 22:16:04.306,0.4577502,0.2172381,-0.4321368,-0.102013,0.47783986,0.29485732,-0.1429072,0.2880207,1.0497752,0.50984144,0.04443486,1.2213014,0.5876604,0.2511789,0.26165572,0.5870442,-0.15641506,0.19913588,0.14988708,-0.07558862,798.60803,776.4469,682.5641,783.69965,NaN,-0.93206787109375,0.06170654296875,-0.336181640625,4.598236083984375,-3.0206298828125,-1.68975830078125,1,1.0,1.0,2.0,1.0,70.00
2019-09-28 22:16:05.315,0.38665557,0.34919947,-0.4321368,0.23151812,0.6439112,0.14528385,-0.1429072,0.4817154,1.1051323,0.25416824,0.04443486,1.2656325,0.55128115,0.17304683,0.26165572,0.52660865,-0.33208144,0.08369484,0.14988708,-0.14864746,800.2198,788.93774,607.619,776.8498,NaN,-0.93206787109375,0.06170654296875,-0.336181640625,4.598236083984375,-3.0206298828125,-1.68975830078125,1,1.0,1.0,2.0,1.0,70.00
2019-09-28 22:16:06.323,0.29815647,0.4396327,-0.4321368,0.21417776,0.7512282,-0.0010083095,-0.1429072,0.6801432,1.1505473,0.4039276,0.04443486,1.3385885,0.5821397,0.23817724,0.26165572,0.43647298,-0.17793283,0.27987552,0.14988708,-0.2363445,799.41394,774.43225,668.0586,796.1905,NaN,-0.93206787109375,0.06170654296875,-0.336181640625,4.598236083984375,-3.0206298828125,-1.68975830078125,1,1.0,1.0,2.0,1.0,70.00
2019-09-28 22:16:07.327,0.52730656,0.5316851,-0.4321368,0.27655965,0.86009073,0.15101503,-0.1429072,0.69652754,1.1784747,0.28695115,0.04443486,1.4686638,0.59958434,0.31615728,0.26165572,0.57251054,-0.060325883,0.35147572,0.14988708,-0.10689451,810.293,788.5348,736.1539,797.8022,NaN,-0.93206787109375,0.06170654296875,-0.336181640625,4.598236083984375,-3.0206298828125,-1.68975830078125,1,1.0,1.0,2.0,1.0,70.00
2019-09-28 22:16:08.335,0.516278,0.38309112,-0.4321368,0.26516795,0.9261805,0.3279309,-0.1429072,0.8247931,1.3549167,0.059580296,0.04443486,1.5367755,0.5029063,0.3271579,0.26165572,0.60677344,-0.07164321,0.18520227,0.14988708,0.015483358,799.011,788.5348,619.707,823.1868,NaN,-0.93206787109375,0.06170654296875,-0.336181640625,4.598236083984375,-3.0206298828125,-1.68975830078125,1,1.0,1.0,2.0,1.0,70.00
2019-09-28 22:16:09.343,0.29058823,0.2871915,-0.4321368,0.29881623,0.40818116,0.107113,-0.1429072,0.58668303,1.1179388,0.002377699,0.04443486,1.1750921,0.5816759,0.29621315,0.26165572,0.58175164,-0.061909188,0.071564935,0.14988708,0.0086771725,806.26373,774.83514,594.7253,802.23444,NaN,-0.93206787109375,0.06170654296875,-0.336181640625,4.598236083984375,-3.0206298828125,-1.68975830078125,1,1.0,1.0,2.0,1.0,75.00
2019-09-28 22:16:10.347,0.32683468,0.39268318,-0.4321368,-0.06321277,0.6963402,0.27043897,-0.1429072,0.7290985,1.1440836,0.47726458,0.04443486,1.4036441,0.5712076,0.40371653,0.26165572,0.58915734,-0.14729859,0.20566684,0.14988708,-0.024144044,774.43225,790.9524,566.9231,821.5751,NaN,-0.93206787109375,0.06170654296875,-0.336181640625,4.598236083984375,-3.0206298828125,-1.68975830078125,1,1.0,1.0,2.0,1.0,75.00
2019-09-28 22:16:11.356,0.45644236,0.37639436,-0.4321368,0.31814104,0.680227,0.3641015,-0.1429072,0.5922145,1.3694861,0.59625906,0.04443486,1.645328,0.58039,0.36754635,0.26165572,0.66114086,-0.18241572,0.18419905,0.14988708,-0.08980583,792.96704,780.4762,647.50916,818.7546,NaN,-0.93206787109375,0.06170654296875,-0.336181640625,4.598236083984375,-3.0206298828125,-1.68975830078125,1,1.0,1.0,2.0,1.0,75.00
2019-09-28 22:16:12.365,0.4153615,0.01192783,-0.4321368,0.41477698,0.84877056,0.25195596,-0.1429072,0.73940814,1.5002673,0.5210041,0.04443486,1.4161416,0.63076127,0.37911978,0.26165572,0.66229385,-0.080377124,0.1628804,0.14988708,-0.062832616,751.06226,790.14655,813.1135,783.69965,NaN,-0.93206787109375,0.06170654296875,-0.336181640625,4.598236083984375,-3.0206298828125,-1.68975830078125,1,1.0,1.0,1.0,1.0,75.00
2019-09-28 22:16:13.375,0.5663583,0.14696896,-0.4321368,0.4187925,1.0495988,0.039472226,-0.1429072,1.0210398,1.5221232,0.51322967,0.04443486,1.5118482,0.6227936,0.3422708,0.26165572,0.6741394,-0.006000337,0.017946316,0.14988708,-0.09791912,767.1795,790.54944,607.2161,816.7399,NaN,-0.93206787109375,0.06170654296875,-0.336181640625,4.598236083984375,-3.0206298828125,-1.68975830078125,1,1.0,1.0,2.0,1.0,75.00
2019-09-28 22:16:14.394,0.27789915,0.016026814,-0.4321368,0.17788738,0.86812866,0.24941081,-0.1429072,0.93553936,1.3100538,0.53289783,0.04443486,1.5116941,0.607642,0.37932715,0.26165572,0.5368134,-0.010458171,-0.01645394,0.14988708,-0.21733582,776.04395,791.3553,608.022,795.78754,NaN,-0.93206787109375,0.06170654296875,-0.336181640625,4.598236083984375,-3.0206298828125,-1.68975830078125,1,1.0,1.0,2.0,1.0,75.00
2019-09-28 22:16:15.410,0.35336587,0.28288466,-0.4321368,0.36288083,0.8006211,0.46133444,-0.1429072,0.766622,1.2057625,0.48959976,0.04443486,1.4413131,0.63314486,0.31004286,0.26165572,0.6028317,-0.099544466,0.24226837,0.14988708,-0.27193037,757.9121,780.87915,631.39197,765.9707,NaN,-0.93206787109375,0.06170654296875,-0.336181640625,4.598236083984375,-3.0206298828125,-1.68975830078125,1,1.0,1.0,1.0,1.0,75.00
2019-09-28 22:16:16.419,0.06654674,0.18521868,-0.4321368,0.2536387,0.59990567,-0.019967722,-0.1429072,0.81827295,1.2593069,0.47800642,0.04443486,1.6126009,0.525699,0.26084858,0.26165572,0.53127635,-0.0948955,0.30310497,0.14988708,-0.22535652,763.95605,783.69965,780.07324,792.5641,NaN,-0.93206787109375,0.06170654296875,-0.336181640625,4.598236083984375,-3.0206298828125,-1.68975830078125,1,1.0,1.0,2.0,1.0,75.00
2019-09-28 22:16:17.423,0.2093568,0.004949634,-0.4321368,-0.22905985,0.6014924,0.02815439,-0.1429072,0.67084754,1.2065575,0.46925637,0.04443486,1.354198,0.35656923,0.3096944,0.26165572,0.32431865,-0.11291543,0.24884078,0.14988708,-0.11748745,775.64105,781.685,701.9048,782.0879,NaN,-0.93206787109375,0.06170654296875,-0.336181640625,4.598236083984375,-3.0206298828125,-1.68975830078125,1,1.0,1.0,2.0,1.0,75.00
2019-09-28 22:16:18.430,0.5412216,0.3946216,-0.4321368,0.5865671,0.49160805,0.17059356,-0.1429072,0.65139157,1.2805471,0.722823,0.04443486,1.4882909,0.5259709,0.45635176,0.26165572,0.5473895,-0.04225501,0.077854924,0.14988708,-0.0111268805,775.64105,785.31134,793.36993,780.4762,NaN,-0.93206787109375,0.06170654296875,-0.336181640625,4.598236083984375,-3.0206298828125,-1.68975830078125,1,1.0,1.0,2.0,1.0,75.00
2019-09-28 22:16:19.439,0.4875765,0.876669,-0.4321368,0.6012883,0.57702196,0.41722402,-0.1429072,0.48585096,1.3727237,0.7976002,0.04443486,1.5161211,0.6597513,0.45141995,0.26165572,0.7188126,-0.1603332,0.068348885,0.14988708,-0.05147181,767.1795,780.87915,793.36993,784.5055,NaN,-0.93206787109375,0.06170654296875,-0.336181640625,4.598236083984375,-3.0206298828125,-1.68975830078125,1,1.0,1.0,2.0,1.0,75.00
2019-09-28 22:16:20.444,0.104071744,0.7158792,-0.4321368,0.1599893,0.7499449,0.45208457,-0.1429072,0.63314265,1.2713339,0.7099685,0.04443486,1.3467575,0.71266526,0.4337955,0.26165572,0.74033725,0.014120236,0.35513246,0.14988708,-0.14285964,786.1172,785.31134,730.9158,772.4176,NaN,-0.93206787109375,0.06170654296875,-0.336181640625,4.598236083984375,-3.0206298828125,-1.68975830078125,1,1.0,1.0,2.0,1.0,75.00
2019-09-28 22:16:21.450,0.15069023,0.24536516,-0.4321368,0.2387292,0.46919775,0.12818944,-0.1429072,0.44521073,1.3318927,0.3797264,0.04443486,1.2008275,0.47263327,0.27899316,0.26165572,0.46489337,-0.045122378,0.2422806,0.14988708,-0.328396,774.0293,783.2967,685.78754,774.83514,NaN,-0.93206787109375,0.06170654296875,-0.336181640625,4.598236083984375,-3.0206298828125,-1.68975830078125,1,1.0,1.0,2.0,1.0,75.00
2019-09-28 22:16:22.457,0.6343855,0.5420985,-0.4321368,0.6045012,0.33009845,0.115268484,-0.1429072,0.34149542,1.3036205,0.37895587,0.04443486,1.1381667,0.49312443,0.35724849,0.26165572,0.4826471,-0.15333356,0.22168514,0.14988708,-0.22387394,787.326,773.6264,691.02563,768.7912,NaN,-0.93206787109375,0.06170654296875,-0.336181640625,4.598236083984375,-3.0206298828125,-1.68975830078125,1,1.0,1.0,2.0,1.0,75.00
2019-09-28 22:16:23.462,0.72758025,0.39569116,-0.4321368,0.44459137,0.49568594,0.34945017,-0.1429072,0.49009883,1.2507807,0.3822438,0.04443486,1.1411761,0.43246204,0.3453055,0.26165572,0.41214728,-0.106518656,0.30184272,0.14988708,-0.25296918,793.36993,784.10254,670.4762,774.0293,NaN,-0.93206787109375,0.06170654296875,-0.336181640625,4.598236083984375,-3.0206298828125,-1.68975830078125,1,1.0,1.0,2.0,1.0,75.00
2019-09-28 22:16:24.468,0.39168018,0.20629472,-0.4321368,0.07307081,0.5079429,0.148322,-0.1429072,0.507858,1.2280947,0.29210746,0.04443486,1.4942936,0.3728795,0.26917502,0.26165572,0.3005528,-0.09476718,0.34340343,0.14988708,-0.27936393,809.89014,792.96704,662.8205,777.25275,NaN,-0.93206787109375,0.06170654296875,-0.336181640625,4.598236083984375,-3.0206298828125,-1.68975830078125,1,1.0,1.0,1.0,1.0,75.00
2019-09-28 22:16:25.477,0.32401448,-0.070707604,-0.4321368,0.19818051,0.46276256,0.14368655,-0.1429072,0.6456942,1.3689382,0.50958866,0.04443486,1.704212,0.5493294,0.21556962,0.26165572,0.57466125,-0.32616338,0.29579926,0.14988708,-0.17948578,799.011,784.90845,675.7143,784.5055,NaN,-0.93206787109375,0.06170654296875,-0.336181640625,4.598236083984375,-3.0206298828125,-1.68975830078125,1,1.0,1.0,2.0,1.0,75.00
2019-09-28 22:16:26.485,0.5520439,0.28258422,-0.4321368,0.20902152,0.59709686,0.18443775,-0.1429072,0.601362,1.4822799,0.9379564,0.04443486,1.4877535,0.60660547,0.32291123,0.26165572,0.76063603,-0.121472165,0.27265698,0.14988708,-4.5172166E-4,796.5934,776.04395,557.6557,790.54944,NaN,-0.93206787109375,0.06170654296875,-0.336181640625,4.598236083984375,-3.0206298828125,-1.68975830078125,1,1.0,1.0,2.0,1.0,75.00
2019-09-28 22:16:27.496,0.45374596,0.47741297,-0.4321368,0.11567509,0.58897716,0.2553847,-0.1429072,0.53815156,1.4558692,0.904248,0.04443486,1.340439,0.5211903,0.3478694,0.26165572,0.70911163,-0.15439573,0.12552229,0.14988708,0.028935015,806.6667,792.96704,826.8132,795.78754,NaN,-0.93206787109375,0.06170654296875,-0.336181640625,4.598236083984375,-3.0206298828125,-1.68975830078125,1,1.0,1.0,2.0,1.0,75.00
2019-09-28 22:16:28.510,0.4494948,0.33578745,-0.4321368,-0.0832373,0.46726415,0.11665398,-0.1429072,0.554466,1.0648552,0.21510316,0.04443486,1.2950366,0.4209714,0.23275812,0.26165572,0.44758892,-0.1058309,0.15087594,0.14988708,-0.0065201926,795.38464,773.6264,705.9341,791.75824,NaN,-0.93206787109375,0.06170654296875,-0.336181640625,4.598236083984375,-3.0206298828125,-1.68975830078125,1,1.0,1.0,2.0,1.0,75.00
2019-09-28 22:16:29.522,0.5684854,0.18921943,-0.4321368,0.20201497,0.5340988,0.008902447,-0.1429072,0.48573092,1.1953778,0.32282472,0.04443486,1.3626454,0.25193787,0.20151871,0.26165572,0.40221328,-0.12061886,0.17046832,0.14988708,-0.11675355,782.8938,780.4762,709.9634,807.0696,NaN,-0.93206787109375,0.06170654296875,-0.336181640625,4.598236083984375,-3.0206298828125,-1.68975830078125,1,1.0,1.0,2.0,1.0,75.00
2019-09-28 22:16:30.524,0.21826118,0.23448172,-0.4321368,0.21225913,0.6462545,0.15081146,-0.1429072,0.6024731,1.2191961,0.49571198,0.04443486,1.3366352,0.31392932,0.198046,0.26165572,0.23648164,-0.25250936,0.1269046,0.14988708,-0.17722543,776.4469,787.326,530.65936,804.2491,NaN,-0.93206787109375,0.06170654296875,-0.336181640625,4.598236083984375,-3.0206298828125,-1.68975830078125,1,1.0,1.0,2.0,1.0,75.00
2019-09-28 22:16:31.532,0.59238845,-0.08476847,-0.4321368,0.06263344,0.63106805,0.17060609,-0.1429072,0.59968805,1.135918,0.13095865,0.04443486,1.2619815,0.48785305,0.29761478,0.26165572,0.19603962,-0.069205284,-0.08936955,0.14988708,-0.05060941,762.74725,788.93774,688.20514,801.02563,NaN,-0.93206787109375,0.06170654296875,-0.336181640625,4.598236083984375,-3.0206298828125,-1.68975830078125,1,1.0,1.0,2.0,1.0,75.00
2019-09-28 22:16:32.533,0.6066773,0.17794658,-0.4321368,0.17506792,0.5232254,0.075496,-0.1429072,0.5028162,1.0614412,0.16400316,0.04443486,1.3609837,0.52104574,0.3744721,0.26165572,0.32274222,-0.19612125,-0.13438217,0.14988708,-0.1548828,761.53845,787.326,660.0,797.3993,NaN,-0.93206787109375,0.06170654296875,-0.336181640625,4.598236083984375,-3.0206298828125,-1.68975830078125,1,1.0,1.0,2.0,1.0,75.00
2019-09-28 22:16:33.542,0.50282913,0.2721483,-0.4321368,0.3690168,0.7494386,0.38029632,-0.1429072,0.53614867,1.370588,1.0205319,0.04443486,1.4473146,0.60942084,0.5698388,0.26165572,0.58375835,-0.11479478,0.12014634,0.14988708,-0.19021127,797.3993,795.78754,550.40295,838.49817,NaN,-0.93206787109375,0.06170654296875,-0.336181640625,4.598236083984375,-3.0206298828125,-1.68975830078125,1,1.0,1.0,2.0,1.0,75.00
2019-09-28 22:16:34.546,0.40172425,0.33111435,-0.4321368,0.1572232,0.87206614,0.39962703,-0.1429072,0.6843994,1.3989449,1.0205319,0.04443486,1.5473931,0.7687022,0.5072448,0.26165572,0.6744012,0.01538806,0.17829324,0.14988708,-0.13118029,784.5055,791.75824,632.6007,822.381,NaN,-0.93206787109375,0.06170654296875,-0.336181640625,4.598236083984375,-3.0206298828125,-1.68975830078125,1,1.0,1.0,2.0,1.0,75.00
2019-09-28 22:16:35.556,0.48201525,0.48322204,-0.4321368,0.4126434,1.0573326,0.8970428,-0.1429072,0.98471385,1.1801174,0.8708557,0.04443486,1.5371844,0.77319574,0.45737755,0.26165572,0.6778637,-0.11311937,0.25607064,0.14988708,-0.18733722,775.2381,782.8938,635.42126,809.89014,NaN,-0.93206787109375,0.06170654296875,-0.336181640625,4.598236083984375,-3.0206298828125,-1.68975830078125,1,1.0,1.0,2.0,1.0,75.00
2019-09-28 22:16:36.560,0.6238007,0.4023402,-0.4321368,0.6603028,0.7388732,0.80791736,-0.1429072,0.7675784,1.2659984,0.8708557,0.04443486,1.4931675,0.6888044,0.44069135,0.26165572,0.67956936,-0.23420998,0.22851346,0.14988708,-0.37320042,756.7033,791.75824,730.9158,790.9524,NaN,-0.93206787109375,0.06170654296875,-0.336181640625,4.598236083984375,-3.0206298828125,-1.68975830078125,1,1.0,1.0,2.0,1.0,75.00
2019-09-28 22:16:37.568,0.36258072,0.40642786,-0.4321368,0.42646688,0.57760274,0.12730502,-0.1429072,0.5926863,1.3979602,0.338994,0.04443486,1.4649059,0.4187275,0.49959958,0.26165572,0.44958678,-0.17354508,0.13578932,0.14988708,-0.23390822,788.1319,784.5055,867.9121,816.7399,NaN,-0.93206787109375,0.06170654296875,-0.336181640625,4.598236083984375,-3.0206298828125,-1.68975830078125,1,1.0,1.0,2.0,1.0,75.00
2019-09-28 22:16:38.576,0.60171187,0.6041083,-0.4321368,0.7066144,0.6504651,0.45978847,-0.1429072,0.703472,1.4146148,0.29784647,0.04443486,1.710119,0.49840325,0.46289945,0.26165572,0.6853595,-0.12164366,0.13777703,0.14988708,-0.08290538,763.95605,776.8498,792.96704,780.07324,NaN,-0.93206787109375,0.06170654296875,-0.336181640625,4.598236083984375,-3.0206298828125,-1.68975830078125,1,1.0,1.0,2.0,1.0,75.00
2019-09-28 22:16:39.579,0.11668472,0.15532705,-0.4321368,0.0027989764,0.46017122,0.11579942,-0.1429072,0.3228538,1.140797,0.39151746,0.04443486,1.6810025,0.62267417,0.25788367,0.26165572,0.65401965,0.062436845,0.3741469,0.14988708,0.05104795,774.0293,805.4579,804.65204,795.78754,NaN,-0.93206787109375,0.06170654296875,-0.336181640625,4.598236083984375,-3.0206298828125,-1.68975830078125,1,1.0,1.0,2.0,1.0,70.00
2019-09-28 22:16:40.590,0.1876314,0.3145206,-0.4321368,0.36035612,0.98227733,-0.07804681,-0.1429072,1.0685713,1.4176943,0.5965994,0.04443486,1.6609321,0.5863351,0.21136257,0.26165572,0.61182517,0.08130999,0.3455847,0.14988708,-0.020902751,771.6117,783.69965,952.1245,777.25275,NaN,-0.93206787109375,0.06170654296875,-0.336181640625,4.598236083984375,-3.0206298828125,-1.68975830078125,1,1.0,1.0,2.0,1.0,70.00
2019-09-28 22:16:41.591,0.51651025,0.30875704,-0.4321368,0.3477849,1.0151342,-0.0056887367,-0.1429072,1.0684345,1.38463,0.48528254,0.04443486,1.674929,0.55367243,0.25125685,0.26165572,0.5455389,-0.11146444,0.1328475,0.14988708,-0.25970408,768.3883,792.5641,743.00366,789.7436,NaN,-0.93206787109375,0.06170654296875,-0.336181640625,4.598236083984375,-3.0206298828125,-1.68975830078125,1,1.0,1.0,2.0,1.0,70.00
2019-09-28 22:16:42.596,0.24516451,0.3250095,-0.4321368,-0.0016387532,0.670428,0.26905596,-0.1429072,0.82897216,1.2924123,0.4381187,0.04443486,1.4629081,0.4595577,0.2768782,0.26165572,0.45340702,-0.17967726,0.18605669,0.14988708,-0.33281714,787.72894,784.90845,706.337,774.43225,NaN,-0.93206787109375,0.06170654296875,-0.336181640625,4.598236083984375,-3.0206298828125,-1.68975830078125,1,1.0,1.0,2.0,1.0,70.00
2019-09-28 22:16:43.603,0.09174252,0.11161176,-0.4321368,-0.08075566,0.7086647,0.25409013,-0.1429072,0.8593871,1.3041813,0.4857797,0.04443486,1.4773477,0.71253973,0.25615767,0.26165572,0.62031174,-0.14880855,0.14757307,0.14988708,-0.24392778,795.78754,802.23444,911.4286,799.011,NaN,-0.93206787109375,0.06170654296875,-0.336181640625,4.598236083984375,-3.0206298828125,-1.68975830078125,1,1.0,1.0,2.0,1.0,70.00
2019-09-28 22:16:44.608,0.068942465,-0.110622644,-0.4321368,0.14766061,0.5232143,-0.1437409,-0.1429072,0.60028315,1.0473751,0.28296456,0.04443486,1.5317711,0.76829624,0.17539638,0.26165572,0.77840334,-0.12203374,0.047551274,0.14988708,-0.11485414,785.7143,794.17584,803.44324,794.9817,NaN,-0.93206787109375,0.06170654296875,-0.336181640625,4.598236083984375,-3.0206298828125,-1.68975830078125,1,1.0,1.0,2.0,1.0,70.00
2019-09-28 22:16:45.614,0.4718457,0.29946563,-0.4321368,0.34206387,0.5398983,-0.014693138,-0.1429072,0.41172063,1.1379627,0.22079276,0.04443486,1.5068879,0.5119295,0.23963337,0.26165572,0.5935797,-0.08875109,0.2339748,0.14988708,-0.17180967,789.34064,777.6557,599.5604,758.71796,NaN,-0.93206787109375,0.06170654296875,-0.336181640625,4.598236083984375,-3.0206298828125,-1.68975830078125,1,1.0,1.0,2.0,1.0,70.00
2019-09-28 22:16:46.620,0.6810073,0.23242553,-0.4321368,0.24908894,0.61370856,-0.08408714,-0.1429072,0.46659753,1.2899364,0.14934178,0.04443486,1.2049698,0.40748212,0.25205547,0.26165572,0.51895267,-0.15461154,0.1994021,0.14988708,-0.16256067,803.0403,786.9231,833.2601,788.5348,NaN,-0.93206787109375,0.06170654296875,-0.336181640625,4.598236083984375,-3.0206298828125,-1.68975830078125,1,1.0,1.0,2.0,1.0,70.00
2019-09-28 22:16:47.626,0.55106723,0.36289212,-0.4321368,0.3855846,0.6847353,0.18819709,-0.1429072,0.531649,1.4027121,0.70576847,0.04443486,1.1997504,0.6163537,0.33199057,0.26165572,0.38765576,-0.10059626,0.20568894,0.14988708,-0.017460542,783.2967,767.98535,833.2601,755.4945,NaN,-0.93206787109375,0.06170654296875,-0.336181640625,4.598236083984375,-3.0206298828125,-1.68975830078125,1,1.0,1.0,2.0,1.0,70.00
2019-09-28 22:16:48.634,0.26972923,0.32973418,-0.4321368,0.23079325,0.65427023,0.2672461,-0.1429072,0.66072536,1.4033006,0.7755581,0.04443486,1.7063113,0.7501724,0.3661265,0.26165572,0.8020891,-0.085289314,0.30343696,0.14988708,0.06235621,805.05493,792.1612,617.28937,799.81683,NaN,-0.93206787109375,0.06170654296875,-0.336181640625,4.598236083984375,-3.0206298828125,-1.68975830078125,1,1.0,1.0,2.0,1.0,70.00
2019-09-28 22:16:49.644,0.16174483,0.2959271,-0.4321368,0.31526476,0.7056037,0.43973428,-0.1429072,0.86052316,1.4427973,0.78304285,0.04443486,1.72977,0.6897109,0.5887446,0.26165572,0.788048,-0.20589072,0.14574769,0.14988708,-0.06076303,799.41394,801.8315,689.81683,772.4176,NaN,-0.93206787109375,0.06170654296875,-0.336181640625,4.598236083984375,-3.0206298828125,-1.68975830078125,1,1.0,1.0,2.0,1.0,70.00
2019-09-28 22:16:50.654,0.20059176,0.23493254,-0.4321368,0.14367513,0.48979944,0.24577546,-0.1429072,0.603345,1.4355125,0.6289227,0.04443486,1.6026374,0.47486386,0.58618504,0.26165572,0.43228483,-0.1336275,0.093378305,0.14988708,-0.17547207,794.9817,792.96704,709.9634,788.1319,NaN,-0.93206787109375,0.06170654296875,-0.336181640625,4.598236083984375,-3.0206298828125,-1.68975830078125,1,1.0,1.0,2.0,1.0,55.00
2019-09-28 22:16:51.670,0.18045516,0.2282339,-0.4321368,-0.17711341,0.48596027,0.225989,-0.1429072,0.34842965,0.7790533,0.32232714,0.04443486,1.6017445,0.39687026,0.34597182,0.26165572,0.5039342,-0.16696733,-0.035905067,0.14988708,-0.27732787,790.14655,780.07324,601.5751,792.96704,NaN,-0.93206787109375,0.06170654296875,-0.336181640625,4.598236083984375,-3.0206298828125,-1.68975830078125,1,1.0,1.0,2.0,1.0,55.00
2019-09-28 22:16:52.674,0.34111947,0.46031865,-0.4321368,-0.041032843,0.5438137,0.21977073,-0.1429072,0.40967026,1.1392152,0.30525616,0.04443486,1.5937488,0.6785985,0.3192034,0.26165572,0.59700006,-0.20414966,0.07635922,0.14988708,-0.20028122,796.99634,793.36993,656.3736,824.7985,NaN,-0.93206787109375,0.06170654296875,-0.336181640625,4.598236083984375,-3.0206298828125,-1.68975830078125,1,1.0,1.0,1.0,1.0,55.00
2019-09-28 22:16:53.681,0.4327514,0.56745297,-0.4321368,0.11426314,0.58022875,0.21353582,-0.1429072,0.5008935,1.212731,0.32510006,0.04443486,1.3596447,0.5281123,0.20046276,0.26165572,0.39688975,-0.05602811,0.0571917,0.14988708,-0.17778976,793.7729,782.8938,655.9707,802.6374,NaN,-0.93206787109375,0.06170654296875,-0.336181640625,4.598236083984375,-3.0206298828125,-1.68975830078125,1,1.0,1.0,2.0,1.0,55.00
2019-09-28 22:16:54.686,0.32133815,-0.030643586,-0.4321368,0.1684198,0.36887613,-0.06656638,-0.1429072,0.5615123,1.1693232,0.3790675,0.04443486,1.2604302,0.387779,0.20450608,0.26165572,0.5251581,-0.09687079,-0.061631814,0.14988708,-0.23283154,811.50183,786.1172,629.7802,821.5751,NaN,-0.93206787109375,0.06170654296875,-0.336181640625,4.598236083984375,-3.0206298828125,-1.68975830078125,1,1.0,1.0,2.0,1.0,55.00
2019-09-28 22:16:55.695,0.17470226,0.3045155,-0.4321368,0.23242006,0.82085943,0.110524595,-0.1429072,1.0369077,1.5368198,0.42763937,0.04443486,1.7957278,0.4583319,0.23352444,0.26165572,0.5159155,-0.15192775,-0.048946965,0.14988708,-0.2781033,784.5055,783.69965,663.22345,815.5311,NaN,-0.93206787109375,0.06170654296875,-0.336181640625,4.598236083984375,-3.0206298828125,-1.68975830078125,1,1.0,1.0,2.0,1.0,55.00
2019-09-28 22:16:56.700,-0.06184135,0.28368062,-0.4321368,0.15272258,0.7268297,-0.058858506,-0.1429072,0.76813245,1.5150452,0.33640453,0.04443486,1.772921,0.50407916,0.16483341,0.26165572,0.41663393,-0.23059979,-0.031480134,0.14988708,-0.2810117,787.326,770.80585,732.9304,805.05493,NaN,-0.93206787109375,0.06170654296875,-0.336181640625,4.598236083984375,-3.0206298828125,-1.68975830078125,1,1.0,1.0,2.0,1.0,55.00
2019-09-28 22:16:57.706,0.15332845,0.31680933,-0.4321368,0.197966,0.5646848,0.19482578,-0.1429072,0.5634353,1.1393256,0.3444986,0.04443486,1.1799033,0.52305865,0.2747853,0.26165572,0.4442792,-0.31780675,0.045622207,0.14988708,-0.16928221,763.1502,801.02563,658.7912,803.0403,NaN,-0.93206787109375,0.06170654296875,-0.336181640625,4.598236083984375,-3.0206298828125,-1.68975830078125,1,1.0,1.0,2.0,1.0,55.00
2019-09-28 22:16:58.714,0.3402032,0.1366725,-0.4321368,0.24149007,0.5983157,0.5100156,-0.1429072,0.6443487,1.2186191,0.57162035,0.04443486,1.1400741,0.40054575,0.299526,0.26165572,0.46999502,-0.34224916,0.23152073,0.14988708,-0.1393613,762.3443,780.4762,741.79486,804.2491,NaN,-0.93206787109375,0.06170654296875,-0.336181640625,4.598236083984375,-3.0206298828125,-1.68975830078125,1,1.0,1.0,2.0,1.0,55.00
2019-09-28 22:16:59.722,0.4970606,0.3891246,-0.4321368,0.33731994,0.39974326,0.1267177,-0.1429072,0.2881243,1.1577814,0.6712999,0.04443486,1.1142219,0.5538725,0.40014645,0.26165572,0.5864852,-0.15783021,0.11556274,0.14988708,-0.1098057,766.3736,785.31134,874.7619,800.6227,NaN,-0.93206787109375,0.06170654296875,-0.336181640625,4.598236083984375,-3.0206298828125,-1.68975830078125,1,1.0,1.0,2.0,1.0,55.00
2019-09-28 22:17:00.727,0.5463444,0.41559133,-0.4321368,0.34155563,0.8280159,0.5941806,-0.1429072,1.0055913,1.3521863,0.93630415,0.04443486,1.5472051,0.612648,0.52013457,0.26165572,0.6281777,0.0022432967,0.16317694,0.14988708,-0.1345887,796.1905,780.4762,579.41394,791.3553,NaN,-0.93206787109375,0.06170654296875,-0.336181640625,4.598236083984375,-3.0206298828125,-1.68975830078125,1,1.0,1.0,2.0,1.0,70.00
2019-09-28 22:17:01.733,0.5463444,0.41559133,-0.4321368,0.34155563,0.8280159,0.5941806,-0.1429072,1.0055913,1.3521863,0.93630415,0.04443486,1.5472051,0.612648,0.52013457,0.26165572,0.6281777,0.0022432967,0.16317694,0.14988708,-0.1345887,796.1905,780.4762,579.41394,791.3553,NaN,-0.93206787109375,0.06170654296875,-0.336181640625,4.598236083984375,-3.0206298828125,-1.68975830078125,1,1.0,1.0,2.0,1.0,70.00
2019-09-28 22:17:02.739,0.5463444,0.41559133,-0.4321368,0.34155563,0.8280159,0.5941806,-0.1429072,1.0055913,1.3521863,0.93630415,0.04443486,1.5472051,0.612648,0.52013457,0.26165572,0.6281777,0.0022432967,0.16317694,0.14988708,-0.1345887,796.1905,780.4762,579.41394,791.3553,NaN,-0.93206787109375,0.06170654296875,-0.336181640625,4.598236083984375,-3.0206298828125,-1.68975830078125,1,1.0,1.0,2.0,1.0,70.00
2019-09-28 22:17:03.744,0.5463444,0.41559133,-0.4321368,0.34155563,0.8280159,0.5941806,-0.1429072,1.0055913,1.3521863,0.93630415,0.04443486,1.5472051,0.612648,0.52013457,0.26165572,0.6281777,0.0022432967,0.16317694,0.14988708,-0.1345887,796.1905,780.4762,579.41394,791.3553,NaN,-0.93206787109375,0.06170654296875,-0.336181640625,4.598236083984375,-3.0206298828125,-1.68975830078125,1,1.0,1.0,2.0,1.0,70.00
2019-09-28 22:17:04.751,0.5463444,0.41559133,-0.4321368,0.34155563,0.8280159,0.5941806,-0.1429072,1.0055913,1.3521863,0.93630415,0.04443486,1.5472051,0.612648,0.52013457,0.26165572,0.6281777,0.0022432967,0.16317694,0.14988708,-0.1345887,796.1905,780.4762,579.41394,791.3553,NaN,-0.93206787109375,0.06170654296875,-0.336181640625,4.598236083984375,-3.0206298828125,-1.68975830078125,1,1.0,1.0,2.0,1.0,70.00
2019-09-28 22:17:05.758,0.5463444,0.41559133,-0.4321368,0.34155563,0.8280159,0.5941806,-0.1429072,1.0055913,1.3521863,0.93630415,0.04443486,1.5472051,0.612648,0.52013457,0.26165572,0.6281777,0.0022432967,0.16317694,0.14988708,-0.1345887,796.1905,780.4762,579.41394,791.3553,NaN,-0.93206787109375,0.06170654296875,-0.336181640625,4.598236083984375,-3.0206298828125,-1.68975830078125,1,1.0,1.0,2.0,1.0,70.00
2019-09-28 22:17:30.823,0.5463444,0.41559133,-0.4321368,0.34155563,0.8280159,0.5941806,-0.1429072,1.0055913,1.3521863,0.93630415,0.04443486,1.5472051,0.612648,0.52013457,0.26165572,0.6281777,0.0022432967,0.16317694,0.14988708,-0.1345887,771.6117,781.28204,587.8755,785.7143,796.1905,-0.9351806640625,0.1019287109375,-0.35986328125,2.85614013671875,-3.4393310546875,-2.1832275390625,1,1.0,1.0,2.0,1.0,70.00
2019-09-28 22:17:31.829,0.0,0.0,0.0,0.0,0.0,0.0,0.0,0.0,0.0,0.0,0.0,0.0,0.0,0.0,0.0,0.0,0.0,0.0,0.0,0.0,776.04395,787.326,885.64105,781.28204,678.5348,-0.93841552734375,0.1019287109375,-0.35791015625,3.357086181640625,-3.48419189453125,-2.28790283203125,0,4.0,4.0,4.0,4.0,70.00
2019-09-28 22:17:32.843,0.0,0.0,0.0,0.0,0.0,0.0,0.0,0.0,0.0,0.0,0.0,0.0,0.0,0.0,0.0,0.0,0.0,0.0,0.0,0.0,789.34064,792.1612,940.0366,770.40295,803.8461,-0.93182373046875,0.0987548828125,-0.36712646484375,2.773895263671875,-3.5888671875,-2.67669677734375,0,4.0,4.0,4.0,4.0,70.00
2019-09-28 22:17:33.859,0.38272163,-0.36860487,0.0,0.18361722,0.24652198,-0.116735,0.0,0.50789994,1.1020591,-0.060097836,0.0,1.5978162,0.5160136,0.08671787,0.0,0.46882737,-0.13107346,0.017870266,0.0,-0.28105584,808.2784,790.9524,877.98535,776.4469,691.4286,-0.9271240234375,0.1016845703125,-0.37298583984375,2.564544677734375,-3.058013916015625,-2.213134765625,1,1.0,1.0,2.0,1.0,75.00
2019-09-28 22:17:34.879,0.35945147,0.359098,0.0,0.20300546,0.5696856,0.19678178,0.0,0.601713,1.1702151,0.6237061,0.0,1.6582409,0.57590735,0.23461027,0.0,0.34082913,-0.012736302,0.15250485,0.0,-0.25742736,796.1905,783.69965,781.685,777.6557,796.5934,-0.93048095703125,0.1019287109375,-0.36846923828125,2.609405517578125,-2.908477783203125,-2.429962158203125,1,1.0,1.0,2.0,1.0,75.00
2019-09-28 22:17:35.901,0.31463093,0.4224064,0.0,0.25278887,0.631253,0.20908906,0.0,0.6194818,1.2787622,0.62333494,0.0,1.5512799,0.47680393,0.28854898,0.0,0.2824192,0.020813772,0.1437776,0.0,-0.15055141,807.0696,786.52014,494.79852,793.36993,601.1722,-0.93255615234375,0.10321044921875,-0.367919921875,2.73651123046875,-3.446807861328125,-2.1832275390625,1,1.0,1.0,2.0,1.0,75.00
2019-09-28 22:17:36.934,0.55342585,0.026083963,0.0,0.1911301,0.68180954,-0.07316802,0.0,0.69187826,1.2542214,0.26197648,0.0,1.4499882,0.36000323,0.22660407,0.0,0.48435554,0.03996353,0.090983175,0.0,-0.057147015,795.78754,778.0586,415.8242,799.011,829.6337,-0.93487548828125,0.10272216796875,-0.367919921875,2.691650390625,-3.058013916015625,-2.4224853515625,1,1.0,1.0,2.0,1.0,75.00
2019-09-28 22:17:37.954,0.5276059,0.06381232,0.0,0.06724937,0.48988685,-0.13873425,0.0,0.38688272,1.2218297,0.28129318,0.0,1.5753632,0.57720727,0.45495892,0.0,0.515934,-0.036347058,0.14880705,0.0,-0.07364145,774.0293,792.5641,660.40295,796.99634,553.6264,-0.93499755859375,0.100830078125,-0.3670654296875,2.7215576171875,-3.06549072265625,-2.654266357421875,1,1.0,1.0,2.0,1.0,75.00
2019-09-28 22:17:38.980,0.21893355,-0.037961785,0.0,0.09461849,0.63485146,-0.171266,0.0,0.5727133,1.3945218,0.28172976,0.0,1.626201,0.5448851,0.34582597,0.0,0.5834127,-0.11772691,0.100386985,0.0,-0.19449793,784.10254,782.8938,599.15753,814.3223,836.4835,-0.9296875,0.1015625,-0.3699951171875,2.51220703125,-3.1402587890625,-2.10845947265625,1,1.0,1.0,2.0,1.0,75.00
2019-09-28 22:17:40.000,0.34376532,0.24463381,0.0,0.16269837,0.9344131,-0.009878313,0.0,0.796142,1.6308336,0.24826965,0.0,1.3813853,0.5144351,0.34385818,0.0,0.45670128,-0.14531903,0.037431184,0.0,-0.20314258,781.685,775.64105,811.0989,808.2784,810.696,-0.93359375,0.10321044921875,-0.35662841796875,2.729034423828125,-3.46923828125,-2.03369140625,1,1.0,1.0,2.0,1.0,75.00
2019-09-28 22:17:41.022,0.17098936,0.3190473,0.0,0.20138773,0.9808367,0.021700062,0.0,0.9863298,1.5045934,0.18914303,0.0,1.1351799,0.43883333,0.27852243,0.0,0.50330347,-0.009940797,-0.028111583,0.0,-0.02007111,786.52014,786.9231,901.3553,800.2198,822.7839,-0.9293212890625,0.101318359375,-0.37158203125,2.609405517578125,-2.923431396484375,-2.093505859375,1,1.0,1.0,2.0,1.0,75.00
2019-09-28 22:17:42.046,0.45463222,0.30484274,0.0,0.18559949,0.320963,0.1815966,0.0,0.64155895,0.9765681,0.41384658,0.0,1.3947177,0.4819927,0.16041838,0.0,0.4931162,-0.06954379,0.06319093,0.0,-0.0689757,782.8938,789.34064,812.71063,797.3993,572.96704,-0.934814453125,0.10528564453125,-0.36859130859375,2.923431396484375,-3.48419189453125,-2.04864501953125,1,1.0,1.0,2.0,1.0,75.00
2019-09-28 22:17:43.066,0.47213674,0.13118023,0.0,0.10894851,0.7549043,0.29217649,0.0,0.76146513,1.7402066,0.8283924,0.0,2.0540488,0.6276368,0.3392128,0.0,0.7140321,-0.19689761,0.066412166,0.0,-0.15546764,793.7729,786.52014,955.34796,780.07324,830.0366,-0.9342041015625,0.101806640625,-0.36383056640625,2.624359130859375,-3.117828369140625,-2.893524169921875,1,1.0,1.0,2.0,1.0,75.00
2019-09-28 22:17:44.086,0.5624582,-0.13022299,0.0,0.32833168,0.88326377,0.075789,0.0,0.9188481,1.751805,0.857231,0.0,2.1425707,0.62882245,0.30573955,0.0,0.5979718,-0.1276485,-0.02558211,0.0,-0.13636479,771.2088,758.315,568.93774,751.4652,522.6007,-0.93109130859375,0.10101318359375,-0.36639404296875,2.878570556640625,-3.252410888671875,-1.4056396484375,1,1.0,1.0,2.0,1.0,75.00
2019-09-28 22:17:45.106,0.6246109,0.26776415,0.0,0.43351114,0.73230404,0.45121023,0.0,0.7218239,1.1365253,0.63415956,0.0,1.1830478,0.6050835,0.42390627,0.0,0.6010261,-0.067170285,-0.09472406,0.0,-0.17914443,799.81683,784.10254,608.8278,786.9231,662.4176,-0.9346923828125,0.10040283203125,-0.36639404296875,2.549591064453125,-3.312225341796875,-2.6019287109375,1,1.0,1.0,2.0,1.0,75.00
2019-09-28 22:17:46.122,0.4698047,0.58769846,0.0,0.26338312,0.7662555,0.66524595,0.0,0.54837817,1.356088,0.70916575,0.0,1.2274778,0.572903,0.37775773,0.0,0.36422187,-0.065548964,-0.07253374,0.0,-0.13699478,788.1319,786.52014,603.9927,805.05493,735.34796,-0.93475341796875,0.10211181640625,-0.36639404296875,2.654266357421875,-3.192596435546875,-2.235565185546875,1,1.0,1.0,2.0,1.0,75.00
2019-09-28 22:17:47.135,0.43088594,0.12116367,0.0,0.23450473,0.73375964,0.019073186,0.0,0.6642576,1.0632081,0.24236783,0.0,1.256903,0.4213339,0.3423362,0.0,0.36227706,-0.038492568,0.19021878,0.0,-0.16836578,803.44324,790.9524,591.9048,811.9048,825.2015,-0.9324951171875,0.10174560546875,-0.36767578125,2.669219970703125,-3.207550048828125,-2.85614013671875,1,1.0,1.0,2.0,1.0,75.00
2019-09-28 22:17:48.146,0.50095826,0.16730244,0.0,0.2595059,0.61546594,0.25178313,0.0,0.7572171,1.3724592,0.24519466,0.0,1.6618705,0.43600866,0.21504898,0.0,0.49722776,-0.17487912,0.24718252,0.0,-0.013518835,792.96704,795.38464,556.04395,816.7399,685.38464,-0.93389892578125,0.10076904296875,-0.36163330078125,2.444915771484375,-3.237457275390625,-1.891632080078125,1,1.0,1.0,2.0,1.0,75.00
2019-09-28 22:17:49.178,0.37959674,-0.057361208,0.0,0.12831289,0.3348139,0.103021264,0.0,0.52357584,1.3784769,0.20077299,0.0,1.6679231,0.46389604,0.16916744,0.0,0.482547,-0.20141175,0.28748828,0.0,-0.14010455,787.326,778.46155,544.35895,800.6227,703.5165,-0.93621826171875,0.1033935546875,-0.35418701171875,2.893524169921875,-3.21502685546875,-2.504730224609375,1,1.0,1.0,2.0,1.0,75.00
2019-09-28 22:17:50.188,0.3274247,0.27408338,0.0,0.041295126,0.39177528,0.43726012,0.0,0.39219612,1.240439,0.5698376,0.0,1.4401764,0.48648745,0.14293543,0.0,0.549982,-0.20495571,0.20331644,0.0,-0.1342593,767.98535,776.4469,594.7253,804.2491,871.13556,-0.92999267578125,0.10040283203125,-0.3662109375,2.863616943359375,-3.60382080078125,-2.100982666015625,1,1.0,1.0,2.0,1.0,75.00
2019-09-28 22:17:51.208,0.06844891,0.4568804,0.0,0.2671151,0.5424376,0.46574128,0.0,0.51625395,1.3087811,0.5791756,0.0,1.4892019,0.5062458,0.18764693,0.0,0.56808066,-0.22788437,0.17510332,0.0,-0.12010585,787.72894,787.326,820.7692,805.05493,808.68134,-0.93536376953125,0.09991455078125,-0.36309814453125,2.893524169921875,-2.97576904296875,-2.40753173828125,1,1.0,1.0,2.0,1.0,75.00
2019-09-28 22:17:52.225,0.48924765,0.04128385,0.0,0.08647519,0.64092207,0.0827498,0.0,0.46253514,1.1816268,0.47282428,0.0,1.4751874,0.46286777,0.20499142,0.0,0.5025424,-0.23144071,0.18950042,0.0,-0.06285946,765.16486,792.5641,872.3443,798.20514,840.9158,-0.92950439453125,0.0985107421875,-0.367431640625,3.0206298828125,-3.297271728515625,-1.891632080078125,1,1.0,1.0,2.0,1.0,75.00
2019-09-28 22:17:53.240,0.359135,0.44499877,0.0,-0.08034651,0.7529838,0.572711,0.0,0.48493803,1.0139107,0.97872835,0.0,1.1967721,0.49025524,0.5437126,0.0,0.47235963,-0.27730718,0.27012384,0.0,-0.11182655,800.2198,778.46155,776.8498,784.10254,842.9304,-0.93243408203125,0.10369873046875,-0.36920166015625,2.5421142578125,-3.327178955078125,-2.930908203125,1,1.0,1.0,2.0,1.0,75.00
2019-09-28 22:17:54.246,0.4869059,0.3604001,0.0,0.11727178,0.88945335,0.30633876,0.0,0.73498416,1.414138,0.9498168,0.0,1.3376018,0.39534357,0.36977267,0.0,0.45516747,-0.13994323,0.20663455,0.0,-0.20845643,796.99634,786.1172,1026.6666,788.93774,841.31866,-0.93243408203125,0.101806640625,-0.37060546875,2.639312744140625,-3.12530517578125,-2.923431396484375,1,1.0,1.0,2.0,1.0,75.00
2019-09-28 22:17:55.264,0.120469525,0.33748716,0.0,0.35528794,0.7516316,-4.4143887E-4,0.0,0.71005803,1.4167161,0.40558928,0.0,1.3497728,0.4590124,0.25325936,0.0,0.7493859,-0.23074064,0.10155666,0.0,-0.27155313,785.7143,778.46155,736.1539,797.8022,766.77655,-0.933837890625,0.10186767578125,-0.36444091796875,2.624359130859375,-3.27484130859375,-2.3028564453125,1,1.0,1.0,2.0,1.0,75.00
2019-09-28 22:17:56.273,0.13298477,0.2098914,0.0,0.25285178,0.48752376,-0.015116472,0.0,0.6380385,1.2428719,0.2530476,0.0,1.5941138,0.43334562,0.30771345,0.0,0.5600506,-0.1573055,-0.009235383,0.0,-0.10467839,818.3516,783.69965,644.68866,791.75824,970.2564,-0.9290771484375,0.10223388671875,-0.3739013671875,2.848663330078125,-3.1402587890625,-1.7645263671875,1,1.0,1.0,2.0,1.0,75.00
2019-09-28 22:17:57.307,0.3297244,0.17256568,0.0,-0.04030599,0.7437232,-0.34335986,0.0,0.69407827,1.4035544,0.16046844,0.0,1.5949175,0.3862994,0.3132083,0.0,0.36593276,-0.15910809,-0.20719731,0.0,-0.25060228,824.7985,779.2674,615.2747,810.293,725.6777,-0.93035888671875,0.1011962890625,-0.37188720703125,2.6318359375,-3.03558349609375,-2.669219970703125,1,1.0,1.0,2.0,1.0,75.00
2019-09-28 22:17:58.327,0.31617498,0.2712536,0.0,-0.22478913,0.8711455,0.1696938,0.0,0.67898667,1.5748719,0.23082422,0.0,1.7786313,0.4185583,0.30538383,0.0,0.51297116,-0.17376105,0.054756653,0.0,-0.112845615,807.8755,778.86444,903.36993,809.89014,771.2088,-0.927734375,0.1041259765625,-0.3719482421875,3.102874755859375,-3.357086181640625,-1.60003662109375,1,1.0,1.0,2.0,1.0,75.00
2019-09-28 22:17:59.354,0.40118706,0.27519295,0.0,0.017167658,0.79891765,0.044540875,0.0,0.5816029,1.570139,0.251474,0.0,1.7650206,0.49682042,0.3353018,0.0,0.5782286,-0.1742302,0.18353608,0.0,-0.14546344,782.49084,784.10254,421.06226,795.38464,780.07324,-0.931640625,0.102783203125,-0.36669921875,2.743988037109375,-3.282318115234375,-2.190704345703125,1,1.0,1.0,2.0,1.0,75.00
2019-09-28 22:18:00.363,0.28269002,0.10456528,0.0,0.35388848,0.7850131,0.1394579,0.0,0.70129615,1.3035963,0.23620188,0.0,1.6098247,0.2476085,0.2874091,0.0,0.4098702,-0.07340364,0.2073743,0.0,-0.23360027,770.80585,782.0879,454.90842,813.91943,822.7839,-0.92962646484375,0.10198974609375,-0.3668212890625,2.714080810546875,-3.043060302734375,-2.3626708984375,1,1.0,1.0,2.0,1.0,75.00
2019-09-28 22:18:01.378,0.586217,-0.008352543,0.0,0.18818097,0.7246099,0.02413856,0.0,0.78103477,1.3656058,0.34649986,0.0,1.6109551,0.5111777,0.27236038,0.0,0.5486744,-0.16343813,0.11510395,0.0,-0.16454376,793.36993,805.8608,828.4249,825.6044,749.45056,-0.9339599609375,0.10345458984375,-0.36566162109375,2.930908203125,-3.2598876953125,-2.041168212890625,1,1.0,1.0,2.0,1.0,75.00
2019-09-28 22:18:02.406,0.70952773,0.20471826,0.0,0.19810343,0.62143064,-0.29287753,0.0,0.72735405,1.241209,0.17803577,0.0,1.4288121,0.46217975,0.23468074,0.0,0.48474517,-0.21610406,-0.047676254,0.0,-0.24029587,792.96704,772.4176,780.87915,821.978,624.94507,-0.93243408203125,0.10272216796875,-0.36505126953125,2.49725341796875,-3.2598876953125,-2.61688232421875,1,1.0,1.0,2.0,1.0,75.00
2019-09-28 22:18:03.414,0.67158276,0.25394467,0.0,0.39281654,0.4248903,-0.16445337,0.0,0.6410138,1.2937231,0.15528381,0.0,1.5141808,0.47864556,0.21628976,0.0,0.5474703,-0.24987034,0.009916672,0.0,-0.21185094,769.59705,783.69965,859.85345,786.52014,501.64835,-0.9346923828125,0.101806640625,-0.36846923828125,2.803802490234375,-3.416900634765625,-2.295379638671875,1,1.0,1.0,2.0,1.0,75.00
2019-09-28 22:18:04.438,0.45411772,0.25394467,0.0,0.283305,0.5697062,-0.16445337,0.0,0.25458682,1.0361305,0.15528381,0.0,1.2633456,0.49480224,0.21628976,0.0,0.46667606,-0.21986748,0.009916672,0.0,-0.15036084,783.2967,724.4689,495.20148,805.8608,880.0,-0.928955078125,0.099853515625,-0.36956787109375,2.669219970703125,-3.386993408203125,-2.699127197265625,1,1.0,1.0,2.0,1.0,75.00
2019-09-28 22:18:05.461,0.18112075,0.25394467,0.0,0.069295734,0.28122565,-0.16445337,0.0,0.4528011,0.93612653,0.15528381,0.0,1.3112681,0.49132913,0.21628976,0.0,0.6235223,-0.25484335,0.009916672,0.0,-0.24358648,771.2088,780.4762,757.50916,774.83514,1017.3993,-0.932861328125,0.10272216796875,-0.36492919921875,2.325286865234375,-3.327178955078125,-2.609405517578125,1,1.0,1.0,2.0,1.0,70.00
2019-09-28 22:18:06.482,0.35669705,0.25394467,0.0,0.06493614,0.6118151,-0.16445337,0.0,0.56710684,1.1480223,0.15528381,0.0,1.2756392,0.45937046,0.21628976,0.0,0.47490612,-0.27585456,0.009916672,0.0,-0.25936168,769.59705,789.7436,906.99634,769.59705,593.1135,-0.9266357421875,0.10467529296875,-0.37139892578125,2.280426025390625,-3.132781982421875,-2.938385009765625,1,1.0,1.0,2.0,1.0,70.00
2019-09-28 22:18:07.488,0.55105555,0.25394467,0.0,0.15461227,0.8104223,-0.16445337,0.0,0.8261693,1.1846364,0.15528381,0.0,1.403739,0.5854332,0.21628976,0.0,0.33467105,-0.23415005,0.009916672,0.0,-0.1959545,751.06226,792.96704,1044.3956,775.64105,1005.7143,-0.93450927734375,0.10205078125,-0.366455078125,2.624359130859375,-3.5589599609375,-2.6318359375,1,1.0,1.0,2.0,1.0,70.00
2019-09-28 22:18:08.517,0.27813658,0.25394467,0.0,0.17544763,0.7586379,-0.16445337,0.0,0.99000806,1.4990945,0.15528381,0.0,1.7487524,0.6766876,0.21628976,0.0,0.37454543,-0.1098889,0.009916672,0.0,-0.20584211,757.50916,828.4249,363.84616,799.81683,801.4286,-0.93133544921875,0.10015869140625,-0.3680419921875,2.474822998046875,-3.132781982421875,-2.01873779296875,1,1.0,1.0,2.0,1.0,70.00
2019-09-28 22:18:09.534,0.39960566,0.25394467,0.0,0.5074513,0.9102019,-0.16445337,0.0,0.9345038,1.4946443,0.15528381,0.0,1.7344238,0.36103734,0.21628976,0.0,0.27765206,-0.099743836,0.009916672,0.0,-0.2875386,761.53845,792.5641,364.652,786.9231,765.16486,-0.93280029296875,0.10125732421875,-0.36767578125,2.6019287109375,-3.132781982421875,-2.669219970703125,1,1.0,4.0,2.0,1.0,70.00
2019-09-28 22:18:10.558,0.5304021,0.25394467,0.0,0.5107726,0.64849067,-0.16445337,0.0,0.63268775,1.3550309,0.15528381,0.0,1.369472,0.2834511,0.21628976,0.0,0.34472194,-0.21074338,0.009916672,0.0,-0.3022532,769.19415,784.5055,484.72528,789.34064,807.8755,-0.93310546875,0.0982666015625,-0.36505126953125,2.572021484375,-3.00567626953125,-2.28790283203125,1,1.0,1.0,2.0,1.0,70.00
2019-09-28 22:18:11.573,0.47322962,0.25394467,0.0,0.29393417,0.3473862,-0.16445337,0.0,0.42242736,1.2973095,0.15528381,0.0,1.3461069,0.4364024,0.21628976,0.0,0.47158268,-0.05405879,0.009916672,0.0,-0.137776,784.10254,801.02563,716.0073,803.8461,698.2784,-0.93524169921875,0.1011962890625,-0.3592529296875,2.7215576171875,-3.102874755859375,-2.0037841796875,1,1.0,1.0,2.0,1.0,70.00
2019-09-28 22:18:12.583,0.5953426,0.25394467,0.0,0.33122352,0.4909195,-0.16445337,0.0,0.51919067,0.85340303,0.15528381,0.0,1.3792933,0.4913594,0.21628976,0.0,0.42204133,-0.01248185,0.009916672,0.0,-0.19646071,767.5824,782.0879,916.6667,784.10254,618.9011,-0.93267822265625,0.09991455078125,-0.3690185546875,2.743988037109375,-3.491668701171875,-1.936492919921875,1,1.0,1.0,2.0,1.0,70.00
2019-09-28 22:18:13.592,0.50591546,0.31985468,0.0,-0.051457115,0.33582905,-0.01920746,0.0,0.31868172,0.900024,0.59187466,0.0,1.343957,0.32689443,0.2710857,0.0,0.42213604,-0.13206334,0.18927191,0.0,-0.25330016,789.34064,788.1319,927.9487,778.46155,587.0696,-0.93463134765625,0.10302734375,-0.36248779296875,2.803802490234375,-2.998199462890625,-2.37762451171875,1,1.0,1.0,2.0,1.0,70.00
2019-09-28 22:18:14.608,0.1204702,-0.06948643,0.0,-0.009266045,0.47598347,-0.13842134,0.0,0.5532777,1.0221173,0.38481018,0.0,1.3172815,0.5084336,0.33070913,0.0,0.546463,-0.14101772,0.11182861,0.0,-0.18512909,791.3553,780.4762,457.72894,768.7912,1056.8865,-0.93280029296875,0.100341796875,-0.36553955078125,2.250518798828125,-2.848663330078125,-2.624359130859375,1,1.0,1.0,2.0,1.0,70.00
2019-09-28 22:18:15.613,-0.21750171,-0.23640867,0.0,0.033535708,0.61162674,-0.06438798,0.0,0.5592861,1.162734,0.45439014,0.0,1.0850477,0.40385637,0.32639042,0.0,0.42848435,-0.12322804,0.017229341,0.0,-0.21241458,777.25275,784.90845,952.9304,786.52014,633.4066,-0.93402099609375,0.10162353515625,-0.3671875,2.983245849609375,-3.42437744140625,-2.429962158203125,1,1.0,1.0,2.0,1.0,75.00
2019-09-28 22:18:16.624,0.31987453,-0.20587872,0.0,0.21079932,0.53935736,0.13245323,0.0,0.46717525,1.1764642,0.51253414,0.0,1.1153697,0.32283983,0.43406627,0.0,0.49124268,-0.18088974,0.05854106,0.0,-0.21481186,784.90845,779.67035,925.12823,771.2088,572.96704,-0.933837890625,0.1014404296875,-0.363525390625,2.669219970703125,-3.132781982421875,-2.82623291015625,1,1.0,1.0,2.0,1.0,75.00
2019-09-28 22:18:17.638,0.77410555,0.39546043,0.0,0.6053562,0.44550008,0.10899223,0.0,0.25487742,1.1970235,0.34308508,0.0,1.035676,0.5171877,0.38653806,0.0,0.59980047,-0.14471388,0.1088192,0.0,-0.09114735,808.68134,955.34796,848.1685,774.0293,465.3846,-0.9180908203125,0.1104736328125,-0.35791015625,0.777587890625,-2.594451904296875,9.024505615234375,1,1.0,1.0,2.0,1.0,75.00
2019-09-28 22:18:18.643,1.1518493,0.7811212,0.0,1.2227257,0.5348234,-0.14175512,0.0,0.29735205,1.272709,0.10745231,0.0,1.0635161,0.6513401,0.22813669,0.0,0.6927641,0.074744806,0.026722677,0.0,0.275505,825.6044,1012.96704,711.1722,755.89746,740.58606,-0.787109375,0.53302001953125,-0.31878662109375,1.07666015625,-3.3795166015625,-1.12152099609375,1,1.0,1.0,2.0,1.0,75.00
2019-09-28 22:18:18.899,,,,,,,,,,,,,,,,,,,,,,,,,,,,,,,,,,,,,,/muse/elements/jaw_clench
2019-09-28 22:18:19.136,,,,,,,,,,,,,,,,,,,,,,,,,,,,,,,,,,,,,,/muse/elements/jaw_clench
2019-09-28 22:18:19.524,,,,,,,,,,,,,,,,,,,,,,,,,,,,,,,,,,,,,,/muse/elements/blink
2019-09-28 22:18:19.651,1.2003688,0.7811212,0.0,1.2496896,0.56044966,-0.14175512,0.0,0.17809133,1.1511614,0.10745231,0.0,0.9323695,0.62505275,0.22813669,0.0,0.74457335,0.2465156,0.026722677,0.0,0.45194077,838.49817,751.4652,556.04395,775.2381,917.47253,-0.77813720703125,0.56005859375,-0.30621337890625,1.846771240234375,-3.69354248046875,-1.547698974609375,1,1.0,1.0,2.0,1.0,75.00
2019-09-28 22:18:20.660,1.0862288,0.7811212,0.0,1.2496896,0.9594146,-0.14175512,0.0,0.17809133,0.7506445,0.10745231,0.0,0.9323695,0.7547139,0.22813669,0.0,0.74457335,0.5349602,0.026722677,0.0,0.45194077,769.19415,1188.6447,70.91575,751.06226,1089.5238,-0.76885986328125,0.59222412109375,-0.2872314453125,7.020721435546875,-6.86370849609375,1.98883056640625,1,1.0,1.0,2.0,1.0,75.00
2019-09-28 22:18:21.234,,,,,,,,,,,,,,,,,,,,,,,,,,,,,,,,,,,,,,/muse/elements/jaw_clench
2019-09-28 22:18:21.692,1.041603,0.7811212,0.0,1.2496896,0.9422724,-0.14175512,0.0,0.17809133,0.77698356,0.10745231,0.0,0.9323695,0.7605185,0.22813669,0.0,0.74457335,0.52449626,0.026722677,0.0,0.45194077,884.43225,963.8095,1195.8975,842.52747,866.7033,-0.87969970703125,0.34735107421875,-0.3187255859375,4.209442138671875,-2.213134765625,-7.8656005859375,1,1.0,1.0,2.0,1.0,75.00
2019-09-28 22:18:22.265,,,,,,,,,,,,,,,,,,,,,,,,,,,,,,,,,,,,,,/muse/elements/jaw_clench
2019-09-28 22:18:22.371,,,,,,,,,,,,,,,,,,,,,,,,,,,,,,,,,,,,,,/muse/elements/jaw_clench
2019-09-28 22:18:22.708,0.9691771,0.7811212,0.0,1.2496896,0.8829568,-0.14175512,0.0,0.17809133,0.77357554,0.10745231,0.0,0.9323695,0.7650979,0.22813669,0.0,0.74457335,0.5106445,0.026722677,0.0,0.45194077,917.8755,940.0366,1039.1575,815.9341,746.2271,-0.884765625,0.2552490234375,-0.3133544921875,2.67669677734375,-4.08233642578125,-6.3104248046875,1,1.0,1.0,2.0,1.0,75.00
2019-09-28 22:18:23.710,0.9691771,0.7811212,0.0,1.2496896,0.8829568,-0.14175512,0.0,0.17809133,0.77357554,0.10745231,0.0,0.9323695,0.7650979,0.22813669,0.0,0.74457335,0.5106445,0.026722677,0.0,0.45194077,836.8865,561.685,1145.1282,783.2967,657.5824,-0.92266845703125,0.22314453125,-0.2772216796875,1.60003662109375,-3.03558349609375,-1.517791748046875,1,1.0,2.0,2.0,1.0,75.00
2019-09-28 22:18:24.739,0.9691771,0.7811212,0.0,1.2496896,0.8829568,-0.14175512,0.0,0.17809133,0.77357554,0.10745231,0.0,0.9323695,0.7650979,0.22813669,0.0,0.74457335,0.5106445,0.026722677,0.0,0.45194077,836.8865,561.685,1145.1282,783.2967,657.5824,-0.92266845703125,0.22314453125,-0.2772216796875,1.60003662109375,-3.03558349609375,-1.517791748046875,1,1.0,2.0,2.0,1.0,75.00
